ticker,name,exchange,security_type,is_adr,listing_date,sector,industry,country,shares_outstanding,beta,market_cap_hint,as_of,source,fetched_at,price,price_as_of,market_cap,avg_dollar_volume,is_price_fresh
LLY,Eli Lilly and Company,NYSE,common_stock,False,1972-06-01,Healthcare,Drug Manufacturers - General,US,941740999.9999999,0.517,1136215225205.0,2026-06-26,fmp:company-screener,2026-06-27T02:28:28.937712+00:00,1208.12,2026-06-26,1137736136919.9998,3410619510.433636,True
JNJ,Johnson & Johnson,NYSE,common_stock,False,1962-01-02,Healthcare,Drug Manufacturers - General,US,2407216971.00055,0.25245008,613021873835.0,2026-06-26,fmp:company-screener,2026-06-27T02:28:28.937712+00:00,254.66,2026-06-26,613021873835.0,1873133831.250606,True
XOM,Exxon Mobil Corporation,NYSE,common_stock,False,1978-01-13,Energy,Oil & Gas Integrated,US,4144950000.0000005,0.149,565951473000.0,2026-06-26,fmp:company-screener,2026-06-27T02:28:28.937712+00:00,136.54,2026-06-26,565951473000.0,2739244662.1463637,True
CAT,Caterpillar Inc.,NYSE,common_stock,False,1929-12-02,Industrials,Agricultural - Machinery,US,460637000.0,1.603,459471588390.0,2026-06-26,fmp:company-screener,2026-06-27T02:28:28.937712+00:00,997.47,2026-06-26,459471588390.0,2532834086.1575756,True
ABBV,AbbVie Inc.,NYSE,common_stock,False,2013-01-02,Healthcare,Drug Manufacturers - General,US,1766792821.000318,0.309,444383730338.0,2026-06-26,fmp:company-screener,2026-06-27T02:28:28.937712+00:00,251.52,2026-06-26,444383730338.0,1584907501.089091,True
UNH,UnitedHealth Group Incorporated,NYSE,common_stock,False,1984-10-17,Healthcare,Medical - Healthcare Plans,US,908144404.0010283,0.65,388585909028.0,2026-06-26,fmp:company-screener,2026-06-27T02:28:28.937712+00:00,427.89,2026-06-26,388585909028.0,2654656047.816364,True
KO,The Coca-Cola Company,NYSE,common_stock,False,1962-01-02,Consumer Defensive,Beverages - Non-Alcoholic,US,4302482417.995886,0.35111874,355514122199.0,2026-06-26,fmp:company-screener,2026-06-27T02:28:28.937712+00:00,82.63,2026-06-26,355514122199.0,1298257825.5393941,True
HD,"The Home Depot, Inc.",NYSE,common_stock,False,1981-09-22,Consumer Cyclical,Home Improvement,US,997116682.0013759,0.974,347854125683.0,2026-06-26,fmp:company-screener,2026-06-27T02:28:28.937712+00:00,348.86,2026-06-26,347854125683.0,1539173724.3821213,True
PG,The Procter & Gamble Company,NYSE,common_stock,False,1978-01-13,Consumer Defensive,Household & Personal Products,US,2328598977.9993286,0.385,346844817773.0,2026-06-26,fmp:company-screener,2026-06-27T02:28:28.937712+00:00,149.02,2026-06-26,347007819701.45996,1266996191.200303,True
CVX,Chevron Corporation,NYSE,common_stock,False,1921-06-24,Energy,Oil & Gas Integrated,US,1991600000.0,0.472,340683096000.0,2026-06-26,fmp:company-screener,2026-06-27T02:28:28.937712+00:00,171.06,2026-06-26,340683096000.0,1907146792.940606,True
MRK,"Merck & Co., Inc.",NYSE,common_stock,False,1978-01-13,Healthcare,Drug Manufacturers - General,US,2469824415.002337,0.218,317076058398.0,2026-06-26,fmp:company-screener,2026-06-27T02:28:28.937712+00:00,128.38,2026-06-26,317076058398.0,1131282381.7157576,True
PM,Philip Morris International Inc.,NYSE,common_stock,False,2008-03-17,Consumer Defensive,Tobacco,US,1558558845.9976766,0.408,281740682591.0,2026-06-26,fmp:company-screener,2026-06-27T02:28:28.937712+00:00,180.77,2026-06-26,281740682591.0,853750171.7921212,True
DELL,Dell Technologies Inc.,NYSE,common_stock,False,2016-08-17,Technology,Computer Hardware,US,664250942.9998248,1.378,265361609219.0,2026-06-26,fmp:company-screener,2026-06-27T02:28:28.937712+00:00,399.49,2026-06-26,265361609219.0,2545820549.5133333,True
IBM,International Business Machines Corporation,NYSE,common_stock,False,1915-09-24,Technology,Information Technology Services,US,939885000.0,0.665,255300962550.0,2026-06-26,fmp:company-screener,2026-06-27T02:28:28.937712+00:00,271.63,2026-06-26,255300962550.0,2214476397.422121,True
RTX,RTX Corporation,NYSE,common_stock,False,1952-09-15,Industrials,Aerospace & Defense,US,1346680000.0,0.306,253162373200.0,2026-06-26,fmp:company-screener,2026-06-27T02:28:28.937712+00:00,187.99,2026-06-26,253162373200.0,1019986525.3609091,True
APH,Amphenol Corporation,NYSE,common_stock,False,1991-11-08,Technology,"Hardware, Equipment & Parts",US,1230230000.0,1.275,201413255600.0,2026-06-26,fmp:company-screener,2026-06-27T02:28:28.937712+00:00,163.72,2026-06-26,201413255600.0,1375702238.8421211,True
ANET,"Arista Networks, Inc.",NYSE,common_stock,False,2014-06-06,Technology,Computer Hardware,US,1259169438.001269,1.611,198445103429.0,2026-06-26,fmp:company-screener,2026-06-27T02:28:28.937712+00:00,157.6,2026-06-26,198445103429.0,1460537160.3672729,True
VZ,Verizon Communications Inc.,NYSE,common_stock,False,1983-11-21,Communication Services,Telecommunications Services,US,4175560000.0,0.22,194330562400.0,2026-06-26,fmp:company-screener,2026-06-27T02:28:28.937712+00:00,46.54,2026-06-26,194330562400.0,1131359926.5566669,True
GLW,Corning Inc,NYSE,common_stock,False,1981-12-31,Technology,"Hardware, Equipment & Parts",US,860637825.0,1.155139,191922234975.0,2026-06-26,fmp:company-screener,2026-06-27T02:28:28.937712+00:00,223.0,2026-06-26,191922234975.0,2643048949.7760606,True
MCD,McDonald's Corporation,NYSE,common_stock,False,1965-04-21,Consumer Cyclical,Restaurants,US,710506000.0,0.414,191666098560.0,2026-06-26,fmp:company-screener,2026-06-27T02:28:28.937712+00:00,269.76,2026-06-26,191666098560.0,1155601468.4145455,True
TMO,Thermo Fisher Scientific Inc.,NYSE,common_stock,False,1980-03-17,Healthcare,Medical - Diagnostics & Research,US,371621000.0,0.874,190652721630.0,2026-06-26,fmp:company-screener,2026-06-27T02:28:28.937712+00:00,513.03,2026-06-26,190652721630.0,1092040340.189697,True
DIS,The Walt Disney Company,NYSE,common_stock,False,1957-11-12,Communication Services,Entertainment,US,1736511424.0004048,1.394,171549963577.0,2026-06-26,fmp:company-screener,2026-06-27T02:28:28.937712+00:00,98.79,2026-06-26,171549963577.0,924516534.3148484,True
TJX,"The TJX Companies, Inc.",NYSE,common_stock,False,1987-06-26,Consumer Cyclical,Apparel - Retail,US,1104704445.9978106,0.619,171549553419.0,2026-06-26,fmp:company-screener,2026-06-27T02:28:28.937712+00:00,155.29,2026-06-26,171549553419.0,853109807.7639394,True
DE,Deere & Company,NYSE,common_stock,False,1972-06-01,Industrials,Agricultural - Machinery,US,269937425.0,0.928,165536426507.0,2026-06-26,fmp:company-screener,2026-06-27T02:28:28.937712+00:00,613.24,2026-06-26,165536426507.0,774907497.3360606,True
ABT,Abbott Laboratories,NYSE,common_stock,False,1980-03-17,Healthcare,Medical - Devices,US,1741810000.0000002,0.62,163416614200.0,2026-06-26,fmp:company-screener,2026-06-27T02:28:28.937712+00:00,94.12,2026-06-26,163939157200.00003,1136678370.439697,True
UNP,Union Pacific Corporation,NYSE,common_stock,False,1980-01-02,Industrials,Railroads,US,593713000.0,0.974,159322883550.0,2026-06-26,fmp:company-screener,2026-06-27T02:28:28.937712+00:00,268.35,2026-06-26,159322883550.0,751066271.1672727,True
T,AT&T Inc.,NYSE,common_stock,False,1983-11-21,Communication Services,Telecommunications Services,US,6948340000.0,0.395,157866284800.0,2026-06-26,fmp:company-screener,2026-06-27T02:28:28.937712+00:00,22.72,2026-06-26,157866284800.0,1034983556.329697,True
UBER,"Uber Technologies, Inc.",NYSE,common_stock,False,2019-05-10,Technology,Software - Application,US,2035599013.0052493,1.12,155112644791.0,2026-06-26,fmp:company-screener,2026-06-27T02:28:28.937712+00:00,76.2,2026-06-26,155112644791.0,1392239796.4157577,True
DHR,Danaher Corporation,NYSE,common_stock,False,1978-12-29,Healthcare,Medical - Diagnostics & Research,US,707770626.9995401,0.834,138489478585.0,2026-06-26,fmp:company-screener,2026-06-27T02:28:28.937712+00:00,195.67,2026-06-26,138489478585.0,805127961.9733334,True
PFE,Pfizer Inc.,NYSE,common_stock,False,1972-06-01,Healthcare,Drug Manufacturers - General,US,5699440000.0,0.295,138410900400.0,2026-06-26,fmp:company-screener,2026-06-27T02:28:28.937712+00:00,24.29,2026-06-26,138439397600.0,944057491.3042425,True
CVS,CVS Health Corp.,NYSE,common_stock,False,1973-02-21,Healthcare,Medical - Healthcare Plans,US,1275927306.996358,0.61875683,133130255212.0,2026-06-26,fmp:company-screener,2026-06-27T02:28:28.937712+00:00,104.34,2026-06-26,133130255211.99998,745290463.3409091,True
CRM,"Salesforce, Inc.",NYSE,common_stock,False,2004-06-23,Technology,Software - Application,US,819000000.0,1.151,129705030000.0,2026-06-26,fmp:company-screener,2026-06-27T02:28:28.937712+00:00,158.37,2026-06-26,129705030000.0,2566522170.1966667,True
COP,ConocoPhillips,NYSE,common_stock,False,1981-12-31,Energy,Oil & Gas Exploration & Production,US,1218294007.0026426,0.106,129090432982.0,2026-06-26,fmp:company-screener,2026-06-27T02:28:28.937712+00:00,105.96,2026-06-26,129090432982.0,935677598.8912121,True
SYK,Stryker Corporation,NYSE,common_stock,False,1980-03-17,Healthcare,Medical - Devices,US,383360761.999338,0.785,127394614820.0,2026-06-26,fmp:company-screener,2026-06-27T02:28:28.937712+00:00,332.71,2026-06-26,127547959124.79973,799132120.1512121,True
LOW,"Lowe's Companies, Inc.",NYSE,common_stock,False,1980-03-17,Consumer Cyclical,Home Improvement,US,560707000.0,0.857,124712450940.0,2026-06-26,fmp:company-screener,2026-06-27T02:28:28.937712+00:00,222.48,2026-06-26,124746093360.0,640555946.8833333,True
MO,"Altria Group, Inc.",NYSE,common_stock,False,1985-07-01,Consumer Defensive,Tobacco,US,1669891235.004743,0.501,123221274231.0,2026-06-26,fmp:company-screener,2026-06-27T02:28:28.937712+00:00,73.79,2026-06-26,123221274231.0,624610407.9275758,True
PH,Parker-Hannifin Corporation,NYSE,common_stock,False,1980-03-17,Industrials,Industrial - Machinery,US,126086389.00012386,1.138,122167624030.0,2026-06-26,fmp:company-screener,2026-06-27T02:28:28.937712+00:00,968.92,2026-06-26,122167624030.0,691362444.0784849,True
BMY,Bristol-Myers Squibb Company,NYSE,common_stock,False,1972-06-01,Healthcare,Drug Manufacturers - General,US,2042070000.0,0.238,117459866400.0,2026-06-26,fmp:company-screener,2026-06-27T02:28:28.937712+00:00,57.52,2026-06-26,117459866400.0,639884590.1139393,True
LMT,Lockheed Martin Corporation,NYSE,common_stock,False,1977-01-03,Industrials,Aerospace & Defense,US,230563607.99960583,0.106,116987974699.0,2026-06-26,fmp:company-screener,2026-06-27T02:28:28.937712+00:00,507.4,2026-06-26,116987974699.0,730591348.9157577,True
VRT,Vertiv Holdings Co,NYSE,common_stock,False,2018-08-02,Industrials,Electrical Equipment & Parts,US,384108815.999342,2.037,116749874623.0,2026-06-26,fmp:company-screener,2026-06-27T02:28:28.937712+00:00,303.95,2026-06-26,116749874623.0,1998144298.2630303,True
SO,The Southern Company,NYSE,common_stock,False,1981-12-31,Utilities,Regulated Electric,US,1127300000.0,0.339,109528468000.0,2026-06-26,fmp:company-screener,2026-06-27T02:28:28.937712+00:00,97.16,2026-06-26,109528468000.0,509744765.00151515,True
MDT,Medtronic plc,NYSE,common_stock,False,1973-05-02,Healthcare,Medical - Devices,US,1280050000.0,0.597,103658449000.0,2026-06-26,fmp:company-screener,2026-06-27T02:28:28.937712+00:00,80.98,2026-06-26,103658449000.0,814176895.8733333,True
PWR,"Quanta Services, Inc.",NYSE,common_stock,False,1998-02-12,Industrials,Engineering & Construction,US,150060000.0,1.215,103221772200.0,2026-06-26,fmp:company-screener,2026-06-27T02:28:28.937712+00:00,687.87,2026-06-26,103221772200.0,833564801.1384848,True
NOW,"ServiceNow, Inc.",NYSE,common_stock,False,2012-06-29,Technology,Software - Application,US,1031308000.0,0.927,101418828720.0,2026-06-26,fmp:company-screener,2026-06-27T02:28:28.937712+00:00,98.34,2026-06-26,101418828720.0,2916854927.098182,True
WMB,"The Williams Companies, Inc.",NYSE,common_stock,False,1981-12-31,Energy,Oil & Gas Midstream,US,1222998265.0025668,0.601,95296024809.0,2026-06-26,fmp:company-screener,2026-06-27T02:28:28.937712+00:00,77.92,2026-06-26,95296024809.00002,479330194.74727273,True
CMI,Cummins Inc.,NYSE,common_stock,False,1947-10-03,Industrials,Industrial - Machinery,US,137989066.99957716,1.24,94642561383.0,2026-06-26,fmp:company-screener,2026-06-27T02:28:28.937712+00:00,685.87,2026-06-26,94642561382.99998,667468500.6333333,True
GD,General Dynamics Corporation,NYSE,common_stock,False,1978-01-13,Industrials,Aerospace & Defense,US,270430187.0006634,0.341,93760850135.0,2026-06-26,fmp:company-screener,2026-06-27T02:28:28.937712+00:00,346.71,2026-06-26,93760850135.0,461896806.47515154,True
UPS,"United Parcel Service, Inc.",NYSE,common_stock,False,1999-11-10,Industrials,Integrated Freight & Logistics,US,850006287.9985195,1.0336033,91860179544.0,2026-06-26,fmp:company-screener,2026-06-27T02:28:28.937712+00:00,108.14,2026-06-26,91919679984.1599,593949563.7927272,True
WM,"Waste Management, Inc.",NYSE,common_stock,False,1988-06-22,Industrials,Waste Management,US,401576000.0,0.457,90567435280.0,2026-06-26,fmp:company-screener,2026-06-27T02:28:28.937712+00:00,225.53,2026-06-26,90567435280.0,485268577.4684849,True
FCX,Freeport-McMoRan Inc.,NYSE,common_stock,False,1995-07-10,Basic Materials,Copper,US,1437559864.9927804,1.359,89603106385.0,2026-06-26,fmp:company-screener,2026-06-27T02:28:28.937712+00:00,62.45,2026-06-26,89775613568.79915,950224095.07,True
MCK,McKesson Corporation,NYSE,common_stock,False,1994-11-10,Healthcare,Medical - Distribution,US,117078000.0,0.315,89390223780.0,2026-06-26,fmp:company-screener,2026-06-27T02:28:28.937712+00:00,763.51,2026-06-26,89390223780.0,853700285.4509091,True
HCA,"HCA Healthcare, Inc.",NYSE,common_stock,False,2011-03-10,Healthcare,Medical - Care Facilities,US,221839800.0,1.134,86890212864.0,2026-06-26,fmp:company-screener,2026-06-27T02:28:28.937712+00:00,391.68,2026-06-26,86890212864.0,612274279.5496969,True
ELV,Elevance Health Inc.,NYSE,common_stock,False,2001-10-30,Healthcare,Medical - Healthcare Plans,US,217162379.9989878,0.682,85818229328.0,2026-06-26,fmp:company-screener,2026-06-27T02:28:28.937712+00:00,395.18,2026-06-26,85818229328.0,620868213.2733333,True
MMM,3M Company,NYSE,common_stock,False,1946-01-14,Industrials,Conglomerates,US,521567261.0023779,1.095,85542246477.0,2026-06-26,fmp:company-screener,2026-06-27T02:28:28.937712+00:00,164.01,2026-06-26,85542246477.0,560235469.2730303,True
RCL,Royal Caribbean Cruises Ltd.,NYSE,common_stock,False,1993-04-28,Consumer Cyclical,Travel Services,US,268195000.0,1.784,85320875350.0,2026-06-26,fmp:company-screener,2026-06-27T02:28:28.937712+00:00,318.13,2026-06-26,85320875350.0,781797293.7887878,True
SHW,The Sherwin-Williams Company,NYSE,common_stock,False,1980-03-17,Basic Materials,Chemicals - Specialty,US,246635620.998634,1.1206143,84859918117.0,2026-06-26,fmp:company-screener,2026-06-27T02:28:28.937712+00:00,344.07,2026-06-26,84859918117.0,701684332.7236364,True
EMR,Emerson Electric Co.,NYSE,common_stock,False,1972-06-01,Industrials,Industrial - Machinery,US,560100000.0,1.246,80368749000.0,2026-06-26,fmp:company-screener,2026-06-27T02:28:28.937712+00:00,143.49,2026-06-26,80368749000.0,416031318.84424245,True
ECL,Ecolab Inc.,NYSE,common_stock,False,1973-02-21,Basic Materials,Chemicals - Specialty,US,281437501.9989424,0.9073448,79829747442.0,2026-06-26,fmp:company-screener,2026-06-27T02:28:28.937712+00:00,283.65,2026-06-26,79829747442.0,422269864.6272727,True
ACN,Accenture plc,NYSE,common_stock,False,2001-07-19,Technology,Information Technology Services,US,611942109.0013956,1.069,78928293219.0,2026-06-26,fmp:company-screener,2026-06-27T02:28:28.937712+00:00,128.98,2026-06-26,78928293219.0,1127921838.0921211,True
ITW,Illinois Tool Works Inc.,NYSE,common_stock,False,1973-03-13,Industrials,Industrial - Machinery,US,287700000.0,1.03,77020167000.0,2026-06-26,fmp:company-screener,2026-06-27T02:28:28.937712+00:00,267.71,2026-06-26,77020167000.0,347678660.7060606,True
VLO,Valero Energy Corporation,NYSE,common_stock,False,1982-01-04,Energy,Oil & Gas Refining & Marketing,US,296933000.0,0.553,77015512210.0,2026-06-26,fmp:company-screener,2026-06-27T02:28:28.937712+00:00,259.37,2026-06-26,77015512210.0,765201564.5215151,True
FDX,FedEx Corporation,NYSE,common_stock,False,1978-04-12,Industrials,Integrated Freight & Logistics,US,238606756.00100464,1.299,76003409989.0,2026-06-26,fmp:company-screener,2026-06-27T02:28:28.937712+00:00,318.53,2026-06-26,76003409989.0,682410535.5575758,True
HLT,Hilton Worldwide Holdings Inc.,NYSE,common_stock,False,2013-12-12,Consumer Cyclical,Travel Lodging,US,227648372.00024033,1.05,75775037104.0,2026-06-26,fmp:company-screener,2026-06-27T02:28:28.937712+00:00,332.86,2026-06-26,75775037104.0,629917340.8481817,True
CI,Cigna Corporation,NYSE,common_stock,False,1982-03-31,Healthcare,Medical - Healthcare Plans,US,264531998.9992574,0.302,74807003997.0,2026-06-26,fmp:company-screener,2026-06-27T02:28:28.937712+00:00,282.79,2026-06-26,74807003997.0,455508376.9569697,True
MPC,Marathon Petroleum Corporation,NYSE,common_stock,False,2011-06-24,Energy,Oil & Gas Refining & Marketing,US,291937000.0,0.522,74169514220.0,2026-06-26,fmp:company-screener,2026-06-27T02:28:28.937712+00:00,254.06,2026-06-26,74169514220.0,586353031.9927273,True
KMI,"Kinder Morgan, Inc.",NYSE,common_stock,False,2011-02-11,Energy,Oil & Gas Midstream,US,2224825757.005122,0.539,73841966875.0,2026-06-26,fmp:company-screener,2026-06-27T02:28:28.937712+00:00,33.19,2026-06-26,73841966875.0,351837622.6069697,True
CL,Colgate-Palmolive Company,NYSE,common_stock,False,1973-05-02,Consumer Defensive,Household & Personal Products,US,800189310.0032585,0.322,73673429772.0,2026-06-26,fmp:company-screener,2026-06-27T02:28:28.937712+00:00,92.07,2026-06-26,73673429772.0,472330856.5421212,True
NOC,Northrop Grumman Corporation,NYSE,common_stock,False,1981-12-31,Industrials,Aerospace & Defense,US,142033000.0,-0.121,71020760990.0,2026-06-26,fmp:company-screener,2026-06-27T02:28:28.937712+00:00,500.03,2026-06-26,71020760990.0,496588554.60696965,True
EOG,"EOG Resources, Inc.",NYSE,common_stock,False,1989-10-04,Energy,Oil & Gas Exploration & Production,US,532629000.0,0.25782132,70626605400.0,2026-06-26,fmp:company-screener,2026-06-27T02:28:28.937712+00:00,132.6,2026-06-26,70626605400.0,513191215.25060606,True
GM,General Motors Company,NYSE,common_stock,False,2010-11-18,Consumer Cyclical,Auto - Manufacturers,US,901665195.0064021,1.3,70420051730.0,2026-06-26,fmp:company-screener,2026-06-27T02:28:28.937712+00:00,78.1,2026-06-26,70420051730.0,565905339.1693939,True
URI,"United Rentals, Inc.",NYSE,common_stock,False,1997-12-18,Industrials,Rental & Leasing Services,US,62646599.99999999,1.82,70268185356.0,2026-06-26,fmp:company-screener,2026-06-27T02:28:28.937712+00:00,1121.66,2026-06-26,70268185356.0,521007090.50727266,True
SLB,Slb N.V.,NYSE,common_stock,False,1981-12-31,Energy,Oil & Gas Equipment & Services,US,1495057661.0,0.70829564,70267710067.0,2026-06-26,fmp:company-screener,2026-06-27T02:28:28.937712+00:00,47.0,2026-06-26,70267710067.0,757535607.2148485,True
NSC,Norfolk Southern Corporation,NYSE,common_stock,False,1982-06-02,Industrials,Railroads,US,224594001.0006074,1.272,70255249453.0,2026-06-26,fmp:company-screener,2026-06-27T02:28:28.937712+00:00,312.81,2026-06-26,70255249453.0,387279617.5409091,True
PSX,Phillips 66,NYSE,common_stock,False,2012-04-12,Energy,Oil & Gas Refining & Marketing,US,400935020.0,0.674,68820496183.0,2026-06-26,fmp:company-screener,2026-06-27T02:28:28.937712+00:00,171.65,2026-06-26,68820496183.0,457864120.76242423,True
CIEN,Ciena Corporation,NYSE,common_stock,False,1997-02-07,Technology,Communication Equipment,US,141552922.0,1.244,67874626099.0,2026-06-26,fmp:company-screener,2026-06-27T02:28:28.937712+00:00,479.5,2026-06-26,67874626099.0,1431500212.5266666,True
MSI,"Motorola Solutions, Inc.",NYSE,common_stock,False,1980-03-17,Technology,Communication Equipment,US,165996000.0,0.89,66878128440.0,2026-06-26,fmp:company-screener,2026-06-27T02:28:28.937712+00:00,402.89,2026-06-26,66878128440.0,460971785.1212121,True
RSG,"Republic Services, Inc.",NYSE,common_stock,False,1998-07-01,Industrials,Waste Management,US,307664087.00032353,0.415,66575431786.0,2026-06-26,fmp:company-screener,2026-06-27T02:28:28.937712+00:00,216.39,2026-06-26,66575431786.00001,372373327.2054546,True
BSX,Boston Scientific Corporation,NYSE,common_stock,False,1992-05-19,Healthcare,Medical - Devices,US,1486355178.9961565,0.559,65741489567.0,2026-06-26,fmp:company-screener,2026-06-27T02:28:28.937712+00:00,44.23,2026-06-26,65741489566.99999,1032729044.1048485,True
FIX,"Comfort Systems USA, Inc.",NYSE,common_stock,False,1997-06-27,Industrials,Engineering & Construction,US,35202400.0,1.67,65273346152.0,2026-06-26,fmp:company-screener,2026-06-27T02:28:28.937712+00:00,1854.23,2026-06-26,65273346152.0,801912523.1118182,True
GWW,"W.W. Grainger, Inc.",NYSE,common_stock,False,1973-02-21,Industrials,Industrial - Distribution,US,47213119.000302896,1.052,63908150010.0,2026-06-26,fmp:company-screener,2026-06-27T02:28:28.937712+00:00,1353.61,2026-06-26,63908150010.0,369540447.8627272,True
TGT,Target Corporation,NYSE,common_stock,False,1967-10-18,Consumer Defensive,Discount Stores,US,454191000.0,0.991,63686662020.0,2026-06-26,fmp:company-screener,2026-06-27T02:28:28.937712+00:00,140.39,2026-06-26,63763874489.99999,630341451.7933333,True
CARR,Carrier Global Corporation,NYSE,common_stock,False,2020-03-19,Industrials,Industrial - Machinery,US,830580423.0058432,1.337,61122413329.0,2026-06-26,fmp:company-screener,2026-06-27T02:28:28.937712+00:00,73.59,2026-06-26,61122413329.0,451939357.9727273,True
DAL,"Delta Air Lines, Inc.",NYSE,common_stock,False,2007-05-03,Industrials,"Airlines, Airports & Air Services",US,656994340.0021605,1.31,60817966054.0,2026-06-26,fmp:company-screener,2026-06-27T02:28:28.937712+00:00,92.57,2026-06-26,60817966054.0,637255811.3618182,True
NKE,"NIKE, Inc.",NYSE,common_stock,False,1980-12-02,Consumer Cyclical,Apparel - Footwear & Accessories,US,1478375505.006135,1.116,60243801829.0,2026-06-26,fmp:company-screener,2026-06-27T02:28:28.937712+00:00,40.75,2026-06-26,60243801829.0,1041777634.9390908,True
TRGP,Targa Resources Corp.,NYSE,common_stock,False,2010-12-07,Energy,Oil & Gas Midstream,US,214644000.0,0.71,58514100840.0,2026-06-26,fmp:company-screener,2026-06-27T02:28:28.937712+00:00,272.61,2026-06-26,58514100840.0,308032282.42424244,True
HPE,Hewlett Packard Enterprise Company,NYSE,common_stock,False,2015-10-19,Technology,Computer Hardware,US,1324203521.002059,1.448,57880935903.0,2026-06-26,fmp:company-screener,2026-06-27T02:28:28.937712+00:00,43.71,2026-06-26,57880935903.0,904957541.0933334,True
BDX,"Becton, Dickinson and Company",NYSE,common_stock,False,1973-02-21,Healthcare,Medical - Instruments & Supplies,US,362295101.00051314,0.278,56489052148.0,2026-06-26,fmp:company-screener,2026-06-27T02:28:28.937712+00:00,155.92,2026-06-26,56489052148.0,469523209.39878786,True
KEYS,"Keysight Technologies, Inc.",NYSE,common_stock,False,2014-10-20,Technology,"Hardware, Equipment & Parts",US,170895368.0003651,1.221,56166471647.0,2026-06-26,fmp:company-screener,2026-06-27T02:28:28.937712+00:00,328.66,2026-06-26,56166471647.0,517088612.6727273,True
CAH,"Cardinal Health, Inc.",NYSE,common_stock,False,1983-08-04,Healthcare,Medical - Distribution,US,234206000.0,0.526,55722291520.0,2026-06-26,fmp:company-screener,2026-06-27T02:28:28.937712+00:00,237.92,2026-06-26,55722291520.0,459385923.5557576,True
COR,"Cencora, Inc.",NYSE,common_stock,False,1995-04-04,Healthcare,Medical - Distribution,US,194561060.00069898,0.588,55669756098.0,2026-06-26,fmp:company-screener,2026-06-27T02:28:28.937712+00:00,286.13,2026-06-26,55669756098.0,499318315.77606064,True
CTVA,"Corteva, Inc.",NYSE,common_stock,False,2019-05-24,Basic Materials,Agricultural Inputs,US,668820000.0,0.5675145,55244532000.0,2026-06-26,fmp:company-screener,2026-06-27T02:28:28.937712+00:00,82.62,2026-06-26,55257908400.0,290963145.78969693,True
NUE,Nucor Corporation,NYSE,common_stock,False,1980-03-17,Basic Materials,Steel,US,227741000.0,1.906,54607736980.0,2026-06-26,fmp:company-screener,2026-06-27T02:28:28.937712+00:00,239.78,2026-06-26,54607736980.0,346914575.43757576,True
AME,"AMETEK, Inc.",NYSE,common_stock,False,1984-07-19,Industrials,Electrical Equipment & Parts,US,229203000.0,1.004,54440296560.0,2026-06-26,fmp:company-screener,2026-06-27T02:28:28.937712+00:00,237.52,2026-06-26,54440296560.0,290340780.1157576,True
LHX,"L3Harris Technologies, Inc.",NYSE,common_stock,False,1981-12-31,Industrials,Aerospace & Defense,US,186295000.0,0.746,54258418750.0,2026-06-26,fmp:company-screener,2026-06-27T02:28:28.937712+00:00,291.25,2026-06-26,54258418750.0,445831780.05181813,True
ROK,"Rockwell Automation, Inc.",NYSE,common_stock,False,1981-12-31,Industrials,Industrial - Machinery,US,111274000.0,1.561,52987566060.0,2026-06-26,fmp:company-screener,2026-06-27T02:28:28.937712+00:00,476.82,2026-06-26,53057668680.0,356051666.15909094,True
EW,Edwards Lifesciences Corporation,NYSE,common_stock,False,2000-03-27,Healthcare,Medical - Devices,US,575800000.0,0.866,52271124000.0,2026-06-26,fmp:company-screener,2026-06-27T02:28:28.937712+00:00,90.78,2026-06-26,52271124000.0,449283695.5284849,True
AZO,"AutoZone, Inc.",NYSE,common_stock,False,1991-04-02,Consumer Cyclical,Specialty Retail,US,16325398.999904115,0.349,51077275851.0,2026-06-26,fmp:company-screener,2026-06-27T02:28:28.937712+00:00,3128.7,2026-06-26,51077275851.0,1125339280.097576,True
OXY,Occidental Petroleum Corporation,NYSE,common_stock,False,1981-12-31,Energy,Oil & Gas Exploration & Production,US,994634701.0002,0.124,49721788703.0,2026-06-26,fmp:company-screener,2026-06-27T02:28:28.937712+00:00,49.99,2026-06-26,49721788703.0,704399553.5975758,True
DHI,"D.R. Horton, Inc.",NYSE,common_stock,False,1992-06-05,Consumer Cyclical,Residential Construction,US,283579613.0013831,1.382,47156453846.0,2026-06-26,fmp:company-screener,2026-06-27T02:28:28.937712+00:00,166.29,2026-06-26,47156453846.0,347465904.6757575,True
XYZ,"Block, Inc.",NYSE,common_stock,False,2015-11-19,Technology,Software - Infrastructure,US,595181004.002574,2.552,46245564011.0,2026-06-26,fmp:company-screener,2026-06-27T02:28:28.937712+00:00,77.82,2026-06-26,46316985731.4803,428758583.8366667,True
HUM,Humana Inc.,NYSE,common_stock,False,1981-12-31,Healthcare,Medical - Healthcare Plans,US,120061500.00000001,0.771,46084406160.0,2026-06-26,fmp:company-screener,2026-06-27T02:28:28.937712+00:00,383.84,2026-06-26,46084406160.0,457994677.9045455,True
WAB,Westinghouse Air Brake Technologies Corporation,NYSE,common_stock,False,1995-06-16,Industrials,Railroads,US,169677345.99859014,0.942,45733135067.0,2026-06-26,fmp:company-screener,2026-06-27T02:28:28.937712+00:00,269.53,2026-06-26,45733135067.0,261220952.45939395,True
YUM,"Yum! Brands, Inc.",NYSE,common_stock,False,1997-09-17,Consumer Cyclical,Restaurants,US,275621202.00153476,0.574,43101643569.0,2026-06-26,fmp:company-screener,2026-06-27T02:28:28.937712+00:00,156.41,2026-06-26,43109912205.06005,285864760.14515156,True
CMG,"Chipotle Mexican Grill, Inc.",NYSE,common_stock,False,2006-01-26,Consumer Cyclical,Restaurants,US,1282734000.0,0.978,42753524220.0,2026-06-26,fmp:company-screener,2026-06-27T02:28:28.937712+00:00,33.34,2026-06-26,42766351560.00001,600873978.8218181,True
LYV,"Live Nation Entertainment, Inc.",NYSE,common_stock,False,2005-12-21,Communication Services,Entertainment,US,232712799.00256324,1.124,41762638909.0,2026-06-26,fmp:company-screener,2026-06-27T02:28:28.937712+00:00,179.46,2026-06-26,41762638909.0,439081118.76545453,True
PEG,Public Service Enterprise Group Incorporated,NYSE,common_stock,False,1980-01-02,Utilities,Regulated Electric,US,498321401.9980857,0.533,41649702779.0,2026-06-26,fmp:company-screener,2026-06-27T02:28:28.937712+00:00,83.58,2026-06-26,41649702779.0,212233753.0590909,True
ED,"Consolidated Edison, Inc.",NYSE,common_stock,False,2001-02-15,Utilities,Regulated Electric,US,368529704.99732286,0.272,41297438742.0,2026-06-26,fmp:company-screener,2026-06-27T02:28:28.937712+00:00,112.06,2026-06-26,41297438742.0,234102729.0448485,True
VMC,Vulcan Materials Company,NYSE,common_stock,False,1957-01-02,Basic Materials,Construction Materials,US,129754999.99999999,1.06,40399219250.0,2026-06-26,fmp:company-screener,2026-06-27T02:28:28.937712+00:00,311.35,2026-06-26,40399219250.0,317855569.1921212,True
CBRE,"CBRE Group, Inc.",NYSE,common_stock,False,2004-06-10,Real Estate,Real Estate - Services,US,292816578.99985445,1.221,40227141623.0,2026-06-26,fmp:company-screener,2026-06-27T02:28:28.937712+00:00,137.4,2026-06-26,40232997954.58,305409730.9678788,True
CCL,Carnival Corporation & plc,NYSE,common_stock,False,1987-07-24,Consumer Cyclical,Leisure,US,1372000000.0,2.331,39884040000.0,2026-06-26,fmp:company-screener,2026-06-27T02:28:28.937712+00:00,29.07,2026-06-26,39884040000.0,728538406.9148486,True
SYY,Sysco Corporation,NYSE,common_stock,False,1973-05-08,Consumer Defensive,Food Distribution,US,478182608.00531274,0.65597093,39603083595.0,2026-06-26,fmp:company-screener,2026-06-27T02:28:28.937712+00:00,82.82,2026-06-26,39603083595.0,349446014.60484844,True
WEC,"WEC Energy Group, Inc.",NYSE,common_stock,False,1980-03-17,Utilities,Regulated Electric,US,325725677.9974758,0.47,38712496830.0,2026-06-26,fmp:company-screener,2026-06-27T02:28:28.937712+00:00,118.85,2026-06-26,38712496830.0,232855591.82090908,True
A,"Agilent Technologies, Inc.",NYSE,common_stock,False,1999-11-18,Healthcare,Medical - Diagnostics & Research,US,282432000.0,1.256,38413576320.0,2026-06-26,fmp:company-screener,2026-06-27T02:28:28.937712+00:00,136.01,2026-06-26,38413576320.0,273596072.59,True
JBL,Jabil Inc.,NYSE,common_stock,False,1993-05-03,Technology,"Hardware, Equipment & Parts",US,105502621.99916238,1.287,37785764069.0,2026-06-26,fmp:company-screener,2026-06-27T02:28:28.937712+00:00,358.6,2026-06-26,37833240248.89963,462294926.8990909,True
ADM,Archer-Daniels-Midland Company,NYSE,common_stock,False,1980-03-17,Consumer Defensive,Agricultural Farm Products,US,481956526.9957025,0.603,37009441708.0,2026-06-26,fmp:company-screener,2026-06-27T02:28:28.937712+00:00,76.79,2026-06-26,37009441708.0,271877516.9027273,True
MLM,"Martin Marietta Materials, Inc.",NYSE,common_stock,False,1994-02-17,Basic Materials,Construction Materials,US,60045900.00000001,1.102,36991877154.0,2026-06-26,fmp:company-screener,2026-06-27T02:28:28.937712+00:00,616.06,2026-06-26,36991877154.0,293630072.7530303,True
KVUE,Kenvue Inc.,NYSE,common_stock,False,2023-05-04,Consumer Defensive,Household & Personal Products,US,1920008668.008364,0.504,36729765819.0,2026-06-26,fmp:company-screener,2026-06-27T02:28:28.937712+00:00,19.13,2026-06-26,36729765819.0,348327650.13060606,True
HSY,The Hershey Company,NYSE,common_stock,False,1980-03-17,Consumer Defensive,Food Confectioners,US,202843370.00167492,0.081,36331278329.0,2026-06-26,fmp:company-screener,2026-06-27T02:28:28.937712+00:00,179.11,2026-06-26,36331276001.0,391753406.08060604,True
KR,The Kroger Co.,NYSE,common_stock,False,1977-01-02,Consumer Defensive,Grocery Stores,US,616561000.0,0.416,35594066530.0,2026-06-26,fmp:company-screener,2026-06-27T02:28:28.937712+00:00,57.73,2026-06-26,35594066530.0,413968034.2,True
EME,"EMCOR Group, Inc.",NYSE,common_stock,False,1995-01-10,Industrials,Engineering & Construction,US,44532568.00025059,1.124,35541442521.0,2026-06-26,fmp:company-screener,2026-06-27T02:28:28.937712+00:00,798.1,2026-06-26,35541442521.0,312688670.4081818,True
IQV,IQVIA Holdings Inc.,NYSE,common_stock,False,2013-05-09,Healthcare,Medical - Diagnostics & Research,US,166900000.0,1.215,31901266000.0,2026-06-26,fmp:company-screener,2026-06-27T02:28:28.937712+00:00,191.14,2026-06-26,31901265999.999996,278508484.2681818,True
ZTS,Zoetis Inc.,NYSE,common_stock,False,2013-02-01,Healthcare,Drug Manufacturers - General,US,419228118.00131494,0.741,31882298374.0,2026-06-26,fmp:company-screener,2026-06-27T02:28:28.937712+00:00,76.09,2026-06-26,31899067498.720055,544084710.5836364,True
IR,Ingersoll Rand Inc.,NYSE,common_stock,False,2017-05-12,Industrials,Industrial - Machinery,US,391336834.0051616,1.195,31843078183.0,2026-06-26,fmp:company-screener,2026-06-27T02:28:28.937712+00:00,81.37,2026-06-26,31843078183.0,319221491.15393937,True
NRG,"NRG Energy, Inc.",NYSE,common_stock,False,2003-12-02,Utilities,Independent Power Producers,US,210986469.99866092,1.216,31512939159.0,2026-06-26,fmp:company-screener,2026-06-27T02:28:28.937712+00:00,149.36,2026-06-26,31512939159.0,411595086.48727274,True
LVS,Las Vegas Sands Corp.,NYSE,common_stock,False,2004-12-15,Consumer Cyclical,"Gambling, Resorts & Casinos",US,662637325.0,0.811,31223470754.0,2026-06-26,fmp:company-screener,2026-06-27T02:28:28.937712+00:00,47.12,2026-06-26,31223470754.0,215372087.27969697,True
DOV,Dover Corporation,NYSE,common_stock,False,1980-03-17,Industrials,Industrial - Machinery,US,134661413.99805275,1.173,30428093107.0,2026-06-26,fmp:company-screener,2026-06-27T02:28:28.937712+00:00,225.96,2026-06-26,30428093107.0,201989924.13848484,True
TPR,"Tapestry, Inc.",NYSE,common_stock,False,2000-10-06,Consumer Cyclical,Luxury Goods,US,202045000.0,1.446,29498570000.0,2026-06-26,fmp:company-screener,2026-06-27T02:28:28.937712+00:00,146.0,2026-06-26,29498570000.0,330071531.52969694,True
ATO,Atmos Energy Corporation,NYSE,common_stock,False,1983-12-28,Utilities,Regulated Gas,US,166919822.00148427,0.601,29239345220.0,2026-06-26,fmp:company-screener,2026-06-27T02:28:28.937712+00:00,175.17,2026-06-26,29239345220.0,216199998.52151516,True
EL,The Estée Lauder Companies Inc.,NYSE,common_stock,False,1995-11-17,Consumer Defensive,Household & Personal Products,US,361674642.0039731,1.249,29129275667.0,2026-06-26,fmp:company-screener,2026-06-27T02:28:28.937712+00:00,80.54,2026-06-26,29129275666.999996,313369575.2945454,True
RMD,ResMed Inc.,NYSE,common_stock,False,1995-06-02,Healthcare,Medical - Devices,US,145056383.99820262,0.782,29053343151.0,2026-06-26,fmp:company-screener,2026-06-27T02:28:28.937712+00:00,200.29,2026-06-26,29053343151.000004,273088063.8863636,True
TDY,Teledyne Technologies Incorporated,NYSE,common_stock,False,1999-11-23,Technology,"Hardware, Equipment & Parts",US,46329100.0,0.939,28922793839.0,2026-06-26,fmp:company-screener,2026-06-27T02:28:28.937712+00:00,624.29,2026-06-26,28922793839.0,210022557.17363635,True
HAL,Halliburton Company,NYSE,common_stock,False,1972-06-01,Energy,Oil & Gas Equipment & Services,US,835397734.9897691,0.704,28578956514.0,2026-06-26,fmp:company-screener,2026-06-27T02:28:28.937712+00:00,34.21,2026-06-26,28578956514.0,495580232.03636366,True
WSM,"Williams-Sonoma, Inc.",NYSE,common_stock,False,1983-07-07,Consumer Cyclical,Specialty Retail,US,117746610.99907957,1.512,28143794961.0,2026-06-26,fmp:company-screener,2026-06-27T02:28:28.937712+00:00,239.19,2026-06-26,28163811884.869843,235116636.4709091,True
OTIS,Otis Worldwide Corporation,NYSE,common_stock,False,2020-03-19,Industrials,Industrial - Machinery,US,383716075.9939883,0.896,28084179602.0,2026-06-26,fmp:company-screener,2026-06-27T02:28:28.937712+00:00,73.19,2026-06-26,28084179602.0,276281515.30636364,True
VEEV,Veeva Systems Inc.,NYSE,common_stock,False,2013-10-16,Healthcare,Medical - Healthcare Information Services,US,162443291.00140056,0.949,27836282346.0,2026-06-26,fmp:company-screener,2026-06-27T02:28:28.937712+00:00,171.36,2026-06-26,27836282346.000004,588560439.4921211,True
PPG,"PPG Industries, Inc.",NYSE,common_stock,False,1980-03-17,Basic Materials,Chemicals - Specialty,US,222900000.0,1.062,27470196000.0,2026-06-26,fmp:company-screener,2026-06-27T02:28:28.937712+00:00,123.24,2026-06-26,27470196000.0,213168342.52424243,True
FICO,Fair Isaac Corporation,NYSE,common_stock,False,1987-07-22,Technology,Software - Application,US,23190906.00021982,1.283,27429971708.0,2026-06-26,fmp:company-screener,2026-06-27T02:28:28.937712+00:00,1182.79,2026-06-26,27429971707.999996,422863718.2315151,True
HUBB,Hubbell Incorporated,NYSE,common_stock,False,1972-06-05,Industrials,Electrical Equipment & Parts,US,52841800.0,0.911,27320267436.0,2026-06-26,fmp:company-screener,2026-06-27T02:28:28.937712+00:00,517.02,2026-06-26,27320267436.0,306001663.72333336,True
TPL,Texas Pacific Land Corporation,NYSE,common_stock,False,1980-03-17,Energy,Oil & Gas Exploration & Production,US,68974400.0,0.611,27299377776.0,2026-06-26,fmp:company-screener,2026-06-27T02:28:28.937712+00:00,395.79,2026-06-26,27299377776.0,170070610.2169697,True
DG,Dollar General Corporation,NYSE,common_stock,False,2009-11-13,Consumer Defensive,Discount Stores,US,220586646.99874425,0.256,26349074984.0,2026-06-26,fmp:company-screener,2026-06-27T02:28:28.937712+00:00,119.51,2026-06-26,26362310182.819927,392685905.2548485,True
DVN,Devon Energy Corporation,NYSE,common_stock,False,1985-07-22,Energy,Oil & Gas Exploration & Production,US,621431110.9926558,0.419,26230607195.0,2026-06-26,fmp:company-screener,2026-06-27T02:28:28.937712+00:00,42.21,2026-06-26,26230607195.0,651929544.8757576,True
PHM,"PulteGroup, Inc.",NYSE,common_stock,False,1980-03-17,Consumer Cyclical,Residential Construction,US,190486352.9976019,1.216,26212827036.0,2026-06-26,fmp:company-screener,2026-06-27T02:28:28.937712+00:00,137.61,2026-06-26,26212827036.0,233280870.36454543,True
MTD,Mettler-Toledo International Inc.,NYSE,common_stock,False,1997-11-14,Healthcare,Medical - Diagnostics & Research,US,20207601.000197824,1.263,25537355764.0,2026-06-26,fmp:company-screener,2026-06-27T02:28:28.937712+00:00,1263.75,2026-06-26,25537355764.0,237004505.88,True
STZ,"Constellation Brands, Inc.",NYSE,common_stock,False,1992-03-17,Consumer Defensive,Beverages - Alcoholic,US,171518739.00205058,0.384,25093191516.0,2026-06-26,fmp:company-screener,2026-06-27T02:28:28.937712+00:00,146.3,2026-06-26,25093191516.0,314755973.9239394,True
RL,Ralph Lauren Corporation,NYSE,common_stock,False,1997-06-12,Consumer Cyclical,Apparel - Manufacturers,US,60999812.000194564,1.371,25080682702.0,2026-06-26,fmp:company-screener,2026-06-27T02:28:28.937712+00:00,411.16,2026-06-26,25080682702.0,259290810.5790909,True
WST,"West Pharmaceutical Services, Inc.",NYSE,common_stock,False,1980-03-17,Healthcare,Medical - Instruments & Supplies,US,70647600.0,1.182,24786710460.0,2026-06-26,fmp:company-screener,2026-06-27T02:28:28.937712+00:00,350.85,2026-06-26,24786710460.0,240158000.89484847,True
DRI,"Darden Restaurants, Inc.",NYSE,common_stock,False,1995-05-09,Consumer Cyclical,Restaurants,US,114535002.99925135,0.587,24478420841.0,2026-06-26,fmp:company-screener,2026-06-27T02:28:28.937712+00:00,213.72,2026-06-26,24478420841.0,245472766.27363634,True
WAT,Waters Corporation,NYSE,common_stock,False,1995-11-17,Healthcare,Medical - Diagnostics & Research,US,65183624.99933228,1.202,24405401036.0,2026-06-26,fmp:company-screener,2026-06-27T02:28:28.937712+00:00,374.41,2026-06-26,24405401036.0,341040380.7409091,True
CHD,"Church & Dwight Co., Inc.",NYSE,common_stock,False,1980-03-17,Consumer Defensive,Household & Personal Products,US,236943602.00241497,0.47,23547455167.0,2026-06-26,fmp:company-screener,2026-06-27T02:28:28.937712+00:00,99.58,2026-06-26,23594843887.400482,189924951.67393938,True
DGX,Quest Diagnostics Incorporated,NYSE,common_stock,False,1996-12-17,Healthcare,Medical - Diagnostics & Research,US,110696000.0,0.587,23232876480.0,2026-06-26,fmp:company-screener,2026-06-27T02:28:28.937712+00:00,209.88,2026-06-26,23232876480.0,176120302.0157576,True
LEN,Lennar Corporation,NYSE,common_stock,False,1980-03-17,Consumer Cyclical,Residential Construction,US,248295271.00085545,1.4,23220573744.0,2026-06-26,fmp:company-screener,2026-06-27T02:28:28.937712+00:00,93.52,2026-06-26,23220573744.0,242817021.03454545,True
LH,Labcorp Holdings Inc.,NYSE,common_stock,False,1990-03-29,Healthcare,Medical - Diagnostics & Research,US,81999999.99999999,0.877,22260540000.0,2026-06-26,fmp:company-screener,2026-06-27T02:28:28.937712+00:00,271.47,2026-06-26,22260540000.0,169324084.2009091,True
CPAY,"Corpay, Inc.",NYSE,common_stock,False,2010-12-15,Technology,Software - Infrastructure,US,65361918.99963907,0.869,21731530829.0,2026-06-26,fmp:company-screener,2026-06-27T02:28:28.937712+00:00,332.48,2026-06-26,21731530829.0,201435446.81363636,True
PKG,Packaging Corporation of America,NYSE,common_stock,False,2000-01-28,Consumer Cyclical,Packaging & Containers,US,89098700.0,0.835,21521790985.0,2026-06-26,fmp:company-screener,2026-06-27T02:28:28.937712+00:00,241.55,2026-06-26,21521790985.0,165833399.63272727,True
EXPD,"Expeditors International of Washington, Inc.",NYSE,common_stock,False,1984-09-26,Industrials,Integrated Freight & Logistics,US,130791132.99944006,1.047,21022058807.0,2026-06-26,fmp:company-screener,2026-06-27T02:28:28.937712+00:00,160.73,2026-06-26,21022058807.0,173928785.41757575,True
HPQ,HP Inc.,NYSE,common_stock,False,1957-11-06,Technology,Computer Hardware,US,914523000.0,1.184,20924286240.0,2026-06-26,fmp:company-screener,2026-06-27T02:28:28.937712+00:00,22.88,2026-06-26,20924286240.0,412338657.889697,True
TSN,"Tyson Foods, Inc.",NYSE,common_stock,False,1980-03-17,Consumer Defensive,Agricultural Farm Products,US,355999456.99402225,0.382,20843768207.0,2026-06-26,fmp:company-screener,2026-06-27T02:28:28.937712+00:00,58.55,2026-06-26,20843768207.0,190741785.41242424,True
ROL,"Rollins, Inc.",NYSE,common_stock,False,1980-03-17,Consumer Cyclical,Personal Products & Services,US,481463999.99999994,0.727,20832947280.0,2026-06-26,fmp:company-screener,2026-06-27T02:28:28.937712+00:00,43.27,2026-06-26,20832947280.0,170778025.9348485,True
OMC,Omnicom Group Inc.,NYSE,common_stock,False,1980-03-17,Communication Services,Advertising Agencies,US,285006196.00492543,0.659,20831102866.0,2026-06-26,fmp:company-screener,2026-06-27T02:28:28.937712+00:00,73.09,2026-06-26,20831102866.0,295722115.9563636,True
SNA,Snap-on Incorporated,NYSE,common_stock,False,2017-03-02,Industrials,Manufacturing - Tools & Accessories,US,51801916.0010073,0.736,20570540844.0,2026-06-26,fmp:company-screener,2026-06-27T02:28:28.937712+00:00,397.1,2026-06-26,20570540844.0,131215702.2439394,True
FIS,"Fidelity National Information Services, Inc.",NYSE,common_stock,False,2001-06-20,Technology,Information Technology Services,US,516879150.9981851,0.7981649,19936028854.0,2026-06-26,fmp:company-screener,2026-06-27T02:28:28.937712+00:00,38.57,2026-06-26,19936028854.0,289647998.0778788,True
LII,Lennox International Inc.,NYSE,common_stock,False,1999-07-29,Industrials,Construction,US,34800000.0,1.19,19622676000.0,2026-06-26,fmp:company-screener,2026-06-27T02:28:28.937712+00:00,563.87,2026-06-26,19622676000.0,227486593.50878787,True
IFF,International Flavors & Fragrances Inc.,NYSE,common_stock,False,1974-12-17,Basic Materials,Chemicals - Specialty,US,255303473.00589392,0.956,19492420164.0,2026-06-26,fmp:company-screener,2026-06-27T02:28:28.937712+00:00,76.35,2026-06-26,19492420164.0,133461174.29393938,True
GIS,"General Mills, Inc.",NYSE,common_stock,False,1980-03-17,Consumer Defensive,Packaged Foods,US,533681000.0,-0.041,19217852810.0,2026-06-26,fmp:company-screener,2026-06-27T02:28:28.937712+00:00,36.01,2026-06-26,19217852810.0,324463822.5445454,True
EFX,Equifax Inc.,NYSE,common_stock,False,1980-03-17,Industrials,Consulting Services,US,120634602.00025241,1.314,19118171725.0,2026-06-26,fmp:company-screener,2026-06-27T02:28:28.937712+00:00,158.48,2026-06-26,19118171725.0,291968204.0830303,True
FTV,Fortive Corporation,NYSE,common_stock,False,2016-07-05,Industrials,Industrial - Machinery,US,304861020.9986988,0.989,18742855571.0,2026-06-26,fmp:company-screener,2026-06-27T02:28:28.937712+00:00,61.48,2026-06-26,18742855571.0,186619305.72969696,True
NVR,"NVR, Inc.",NYSE,common_stock,False,1985-07-22,Consumer Cyclical,Residential Construction,US,2699291.9999941424,0.924,18432439337.0,2026-06-26,fmp:company-screener,2026-06-27T02:28:28.937712+00:00,6828.62,2026-06-26,18432439337.0,168097684.70393938,True
DD,"DuPont de Nemours, Inc.",NYSE,common_stock,False,1972-06-01,Basic Materials,Chemicals - Specialty,US,135019400.0,1.076,18357237624.0,2026-06-26,fmp:company-screener,2026-06-27T02:28:28.937712+00:00,137.22,2026-06-26,18527362068.0,176530075.8840818,True
ZBH,"Zimmer Biomet Holdings, Inc.",NYSE,common_stock,False,2001-07-25,Healthcare,Medical - Devices,US,193462481.9978518,0.47463182,18011357074.0,2026-06-26,fmp:company-screener,2026-06-27T02:28:28.937712+00:00,93.1,2026-06-26,18011357074.0,207811582.67424244,True
IEX,IDEX Corporation,NYSE,common_stock,False,1989-06-02,Industrials,Industrial - Machinery,US,74015052.00052819,0.991,16815479664.0,2026-06-26,fmp:company-screener,2026-06-27T02:28:28.937712+00:00,227.19,2026-06-26,16815479663.999998,143370681.03454545,True
BALL,Ball Corporation,NYSE,common_stock,False,1972-07-13,Consumer Cyclical,Packaging & Containers,US,266246511.00501698,1.014,16451371915.0,2026-06-26,fmp:company-screener,2026-06-27T02:28:28.937712+00:00,61.79,2026-06-26,16451371915.0,172682423.87939397,True
GNRC,Generac Holdings Inc.,NYSE,common_stock,False,2010-02-11,Industrials,Industrial - Machinery,US,58868680.999210395,1.91,16401991900.0,2026-06-26,fmp:company-screener,2026-06-27T02:28:28.937712+00:00,278.62,2026-06-26,16401991900.0,200543079.9990909,True
BBY,"Best Buy Co., Inc.",NYSE,common_stock,False,1985-04-18,Consumer Cyclical,Specialty Retail,US,210767000.00000003,1.33,16378703570.0,2026-06-26,fmp:company-screener,2026-06-27T02:28:28.937712+00:00,77.71,2026-06-26,16378703570.000002,264614132.62545452,True
CF,"CF Industries Holdings, Inc.",NYSE,common_stock,False,2005-08-11,Basic Materials,Agricultural Inputs,US,153629000.0,0.382,16243194170.0,2026-06-26,fmp:company-screener,2026-06-27T02:28:28.937712+00:00,105.7,2026-06-26,16238585300.0,381333612.36636364,True
GPC,Genuine Parts Company,NYSE,common_stock,False,1980-03-17,Consumer Cyclical,Specialty Retail,US,139122114.99741423,0.679,16140947782.0,2026-06-26,fmp:company-screener,2026-06-27T02:28:28.937712+00:00,116.02,2026-06-26,16140947781.999998,181514673.45606062,True
MAS,Masco Corporation,NYSE,common_stock,False,1980-03-17,Consumer Cyclical,"Furnishings, Fixtures & Appliances",US,201734437.00550827,1.313,16114546828.0,2026-06-26,fmp:company-screener,2026-06-27T02:28:28.937712+00:00,79.97,2026-06-26,16132702927.330496,202371853.2339394,True
BR,"Broadridge Financial Solutions, Inc.",NYSE,common_stock,False,2007-03-22,Technology,Information Technology Services,US,115658296.99847749,0.888,15952748905.0,2026-06-26,fmp:company-screener,2026-06-27T02:28:28.937712+00:00,137.93,2026-06-26,15952748905.0,238480873.82030302,True
TXT,Textron Inc.,NYSE,common_stock,False,1947-12-22,Industrials,Aerospace & Defense,US,173889000.0,0.907,15862154580.0,2026-06-26,fmp:company-screener,2026-06-27T02:28:28.937712+00:00,91.22,2026-06-26,15862154580.0,121281698.75848486,True
J,Jacobs Solutions Inc.,NYSE,common_stock,False,1980-03-17,Industrials,Engineering & Construction,US,118080879.00389849,0.683,14841585682.0,2026-06-26,fmp:company-screener,2026-06-27T02:28:28.937712+00:00,125.69,2026-06-26,14841585682.0,147793119.1830303,True
HRL,Hormel Foods Corporation,NYSE,common_stock,False,1980-03-17,Consumer Defensive,Packaged Foods,US,550314959.018868,0.343,14583346414.0,2026-06-26,fmp:company-screener,2026-06-27T02:28:28.937712+00:00,26.51,2026-06-26,14588849563.59019,114263852.3809091,True
DECK,Deckers Outdoor Corporation,NYSE,common_stock,False,1993-10-15,Consumer Cyclical,Apparel - Footwear & Accessories,US,138881000.0,1.146,14521397360.0,2026-06-26,fmp:company-screener,2026-06-27T02:28:28.937712+00:00,104.56,2026-06-26,14521397360.0,208360061.2042424,True
SWK,"Stanley Black & Decker, Inc.",NYSE,common_stock,False,1980-03-17,Industrials,Manufacturing - Tools & Accessories,US,155455564.00304413,1.202,14298802777.0,2026-06-26,fmp:company-screener,2026-06-27T02:28:28.937712+00:00,91.98,2026-06-26,14298802777.0,155691403.5839394,True
DVA,DaVita Inc.,NYSE,common_stock,False,1995-10-31,Healthcare,Medical - Care Facilities,US,64185000.0,0.908,13930712400.0,2026-06-26,fmp:company-screener,2026-06-27T02:28:28.937712+00:00,217.04,2026-06-26,13930712400.0,150872602.23090908,True
MKC,"McCormick & Company, Incorporated",NYSE,common_stock,False,1999-04-26,Consumer Defensive,Packaged Foods,US,268851551.00881493,0.6401157,13724871679.0,2026-06-26,fmp:company-screener,2026-06-27T02:28:28.937712+00:00,51.05,2026-06-26,13724871679.000002,221315300.6639394,True
BF-B,Brown-Forman Corporation,NYSE,common_stock,False,1980-03-17,Consumer Defensive,Beverages - Wineries & Distilleries,US,466342158.0114449,0.354,13038926738.0,2026-06-26,fmp:company-screener,2026-06-27T02:28:28.937712+00:00,27.96,2026-06-26,13038926738.0,105679553.0848485,True
LDOS,"Leidos Holdings, Inc.",NYSE,common_stock,False,2006-10-17,Technology,Information Technology Services,US,125785465.99842766,0.515,12799929020.0,2026-06-26,fmp:company-screener,2026-06-27T02:28:28.937712+00:00,101.76,2026-06-26,12799929020.0,170291769.75878787,True
AVY,Avery Dennison Corporation,NYSE,common_stock,False,1973-02-21,Basic Materials,Packaging & Containers,US,76490385.00241314,0.83,12679046218.0,2026-06-26,fmp:company-screener,2026-06-27T02:28:28.937712+00:00,165.76,2026-06-26,12679046218.000002,109565250.24060607,True
RVTY,"Revvity, Inc.",NYSE,common_stock,False,1965-07-06,Healthcare,Medical - Diagnostics & Research,US,111560000.0,1.107,12608511200.0,2026-06-26,fmp:company-screener,2026-06-27T02:28:28.937712+00:00,113.02,2026-06-26,12608511200.0,138549549.35848483,True
TYL,"Tyler Technologies, Inc.",NYSE,common_stock,False,1980-03-17,Technology,Software - Application,US,42167500.0,0.814,12414112000.0,2026-06-26,fmp:company-screener,2026-06-27T02:28:28.937712+00:00,294.4,2026-06-26,12414111999.999998,244498917.54848483,True
CLX,The Clorox Company,NYSE,common_stock,False,1983-03-21,Consumer Defensive,Household & Personal Products,US,120920999.99999999,0.545,11794634340.0,2026-06-26,fmp:company-screener,2026-06-27T02:28:28.937712+00:00,97.54,2026-06-26,11794634340.0,260397022.76848486,True
GDDY,GoDaddy Inc.,NYSE,common_stock,False,2015-03-31,Technology,Software - Infrastructure,US,132409847.0017741,0.889,11195252564.0,2026-06-26,fmp:company-screener,2026-06-27T02:28:28.937712+00:00,84.55,2026-06-26,11195252564.0,192481080.2590909,True
HII,"Huntington Ingalls Industries, Inc.",NYSE,common_stock,False,2011-03-22,Industrials,Aerospace & Defense,US,39404000.0,0.232,11111533960.0,2026-06-26,fmp:company-screener,2026-06-27T02:28:28.937712+00:00,281.99,2026-06-26,11111533960.0,168473468.77454546,True
CRL,"Charles River Laboratories International, Inc.",NYSE,common_stock,False,2000-06-23,Healthcare,Medical - Diagnostics & Research,US,48167730.002317496,1.449,10392187748.0,2026-06-26,fmp:company-screener,2026-06-27T02:28:28.937712+00:00,215.75,2026-06-26,10392187748.0,154050304.2448485,True
BLDR,"Builders FirstSource, Inc.",NYSE,common_stock,False,2005-06-28,Industrials,Construction Materials,US,107560000.0,1.45,9587898400.0,2026-06-26,fmp:company-screener,2026-06-27T02:28:28.937712+00:00,89.14,2026-06-26,9587898400.0,202831444.98454544,True
UHS,"Universal Health Services, Inc.",NYSE,common_stock,False,1981-07-09,Healthcare,Medical - Care Facilities,US,62606336.00109822,1.081,9121117092.0,2026-06-26,fmp:company-screener,2026-06-27T02:28:28.937712+00:00,145.69,2026-06-26,9121117092.0,145942796.7530303,True
IT,"Gartner, Inc.",NYSE,common_stock,False,1993-10-05,Industrials,Consulting Services,US,66951898.99970361,0.932,9035828289.0,2026-06-26,fmp:company-screener,2026-06-27T02:28:28.937712+00:00,134.96,2026-06-26,9035828289.0,219437663.91333336,True
AOS,A. O. Smith Corporation,NYSE,common_stock,False,1983-09-30,Industrials,Industrial - Machinery,US,139706794.99351913,1.175,8622703387.0,2026-06-26,fmp:company-screener,2026-06-27T02:28:28.937712+00:00,61.72,2026-06-26,8622703387.0,103919573.70939393,True
MOS,The Mosaic Company,NYSE,common_stock,False,1988-01-26,Basic Materials,Agricultural Inputs,US,317846644.0125112,0.808,7113407893.0,2026-06-26,fmp:company-screener,2026-06-27T02:28:28.937712+00:00,22.38,2026-06-26,7113407893.0,207022579.77090907,True
CAG,"Conagra Brands, Inc.",NYSE,common_stock,False,1980-03-17,Consumer Defensive,Packaged Foods,US,478437000.0,-0.042,6724432035.0,2026-06-26,fmp:company-screener,2026-06-27T02:28:28.937712+00:00,14.08,2026-06-26,6736392960.0,211340108.8490909,True
NVDA,NVIDIA Corporation,NASDAQ,common_stock,False,1999-01-22,Technology,Semiconductors,US,24221000000.0,2.202,4663269130000.0,2026-06-26,fmp:company-screener,2026-06-27T02:28:28.937712+00:00,192.53,2026-06-26,4663269130000.0,32976680358.63515,True
AAPL,Apple Inc.,NASDAQ,common_stock,False,1980-12-12,Technology,Consumer Electronics,US,14687356000.000002,1.086,4167977885680.0,2026-06-26,fmp:company-screener,2026-06-27T02:28:28.937712+00:00,283.78,2026-06-26,4167977885680.0,15179055663.295454,True
GOOGL,Alphabet Inc.,NASDAQ,common_stock,False,2004-08-19,Communication Services,Internet Content & Information,US,12094870292.9992,1.237,4080688288155.0,2026-06-26,fmp:company-screener,2026-06-27T02:28:28.937712+00:00,337.39,2026-06-26,4080688288155.0,11606976822.868484,True
MSFT,Microsoft Corporation,NASDAQ,common_stock,False,1986-03-13,Technology,Software - Infrastructure,US,7428429999.999999,1.103,2770581537100.0,2026-06-26,fmp:company-screener,2026-06-27T02:28:28.937712+00:00,372.97,2026-06-26,2770581537100.0,16512664399.523335,True
AMZN,"Amazon.com, Inc.",NASDAQ,common_stock,False,1997-05-15,Consumer Cyclical,Specialty Retail,US,10757100000.0,1.444,2503069599000.0,2026-06-26,fmp:company-screener,2026-06-27T02:28:28.937712+00:00,232.69,2026-06-26,2503069599000.0,13222811641.651516,True
AVGO,Broadcom Inc.,NASDAQ,common_stock,False,2009-08-06,Technology,Semiconductors,US,4757580000.0,1.433,1736611851600.0,2026-06-26,fmp:company-screener,2026-06-27T02:28:28.937712+00:00,365.02,2026-06-26,1736611851600.0,10382621126.24212,True
TSLA,"Tesla, Inc.",NASDAQ,common_stock,False,2010-06-29,Consumer Cyclical,Auto - Manufacturers,US,3755720000.0,1.798,1426084441200.0,2026-06-26,fmp:company-screener,2026-06-27T02:28:28.937712+00:00,379.71,2026-06-26,1426084441200.0,22290217658.120605,True
META,"Meta Platforms, Inc.",NASDAQ,common_stock,False,2012-05-18,Communication Services,Internet Content & Information,US,2538423306.000909,1.229,1396767424127.0,2026-06-26,fmp:company-screener,2026-06-27T02:28:28.937712+00:00,550.25,2026-06-26,1396767424127.0,10443092909.963333,True
MU,"Micron Technology, Inc.",NASDAQ,common_stock,False,1984-06-01,Technology,Semiconductors,US,1127730000.0,2.173,1276962510900.0,2026-06-26,fmp:company-screener,2026-06-27T02:28:28.937712+00:00,1132.33,2026-06-26,1276962510900.0,39200437358.53909,True
WMT,Walmart Inc.,NASDAQ,common_stock,False,1972-08-25,Consumer Defensive,Discount Stores,US,7958080000.0,0.599,920670275200.0,2026-06-26,fmp:company-screener,2026-06-27T02:28:28.937712+00:00,115.69,2026-06-26,920670275200.0,2570596891.251818,True
AMD,"Advanced Micro Devices, Inc.",NASDAQ,common_stock,False,1972-09-07,Technology,Semiconductors,US,1630599999.9999998,2.492,850488348000.0,2026-06-26,fmp:company-screener,2026-06-27T02:28:28.937712+00:00,521.58,2026-06-26,850488348000.0,15476118116.195456,True
AMAT,"Applied Materials, Inc.",NASDAQ,common_stock,False,1980-03-17,Technology,Semiconductors,US,793959429.9996809,1.6703024,497685529101.0,2026-06-26,fmp:company-screener,2026-06-27T02:28:28.937712+00:00,626.84,2026-06-26,497685529101.0,4005412247.415455,True
LRCX,Lam Research Corporation,NASDAQ,common_stock,False,1984-05-04,Technology,Semiconductors,US,1250570000.0,1.868,474078581300.0,2026-06-26,fmp:company-screener,2026-06-27T02:28:28.937712+00:00,379.09,2026-06-26,474078581299.99994,3171606211.8199997,True
CSCO,"Cisco Systems, Inc.",NASDAQ,common_stock,False,1990-02-16,Technology,Communication Equipment,US,3941434664.999561,1.004,448417021837.0,2026-06-26,fmp:company-screener,2026-06-27T02:28:28.937712+00:00,113.77,2026-06-26,448417021837.0,2466466453.163636,True
COST,Costco Wholesale Corporation,NASDAQ,common_stock,False,1986-07-09,Consumer Defensive,Discount Stores,US,443479000.0,0.868,422431486660.0,2026-06-26,fmp:company-screener,2026-06-27T02:28:28.937712+00:00,952.54,2026-06-26,422431486660.0,2223127795.908485,True
KLAC,KLA Corporation,NASDAQ,common_stock,False,1980-10-08,Technology,Semiconductors,US,1306280000.0,1.504,324793459200.0,2026-06-26,fmp:company-screener,2026-06-27T02:28:28.937712+00:00,248.64,2026-06-26,324793459200.0,9302964980.19606,True
NFLX,"Netflix, Inc.",NASDAQ,common_stock,False,2002-05-23,Communication Services,Entertainment,US,4210800000.0,1.491,310799148000.0,2026-06-26,fmp:company-screener,2026-06-27T02:28:28.937712+00:00,73.81,2026-06-26,310799148000.0,3531829458.329697,True
TXN,Texas Instruments Incorporated,NASDAQ,common_stock,False,1972-06-01,Technology,Semiconductors,US,910093000.0,1.309,259763294525.0,2026-06-26,fmp:company-screener,2026-06-27T02:28:28.937712+00:00,285.43,2026-06-26,259767844990.0,2274065503.9190907,True
MRVL,"Marvell Technology, Inc.",NASDAQ,common_stock,False,2000-06-27,Technology,Semiconductors,US,874800000.0000001,2.2896473,233370396000.0,2026-06-26,fmp:company-screener,2026-06-27T02:28:28.937712+00:00,266.77,2026-06-26,233370396000.00003,8484859199.636364,True
PANW,"Palo Alto Networks, Inc.",NASDAQ,common_stock,False,2012-07-20,Technology,Software - Infrastructure,US,681511324.0006574,0.942,207315744761.0,2026-06-26,fmp:company-screener,2026-06-27T02:28:28.937712+00:00,304.2,2026-06-26,207315744761.0,1792301041.0472727,True
WDC,Western Digital Corporation,NASDAQ,common_stock,False,1978-10-31,Technology,Computer Hardware,US,344682000.0,2.2,202138758900.0,2026-06-26,fmp:company-screener,2026-06-27T02:28:28.937712+00:00,586.45,2026-06-26,202138758900.00003,4094311497.3951516,True
QCOM,QUALCOMM Incorporated,NASDAQ,common_stock,False,1991-12-13,Technology,Semiconductors,US,1054000000.0000001,1.596,199617060000.0,2026-06-26,fmp:company-screener,2026-06-27T02:28:28.937712+00:00,189.39,2026-06-26,199617060000.0,4135163838.4654546,True
TMUS,"T-Mobile US, Inc.",NASDAQ,common_stock,False,2007-04-19,Communication Services,Telecommunications Services,US,1082204717.0024085,0.301,197697157702.0,2026-06-26,fmp:company-screener,2026-06-27T02:28:28.937712+00:00,182.68,2026-06-26,197697157702.0,1062157603.9333334,True
AMGN,Amgen Inc.,NASDAQ,common_stock,False,1983-06-17,Healthcare,Drug Manufacturers - General,US,539708000.0,0.416,193393567640.0,2026-06-26,fmp:company-screener,2026-06-27T02:28:28.937712+00:00,358.33,2026-06-26,193393567640.0,919951405.0272728,True
PEP,"PepsiCo, Inc.",NASDAQ,common_stock,False,1972-06-01,Consumer Defensive,Beverages - Non-Alcoholic,US,1366941005.0003538,0.359,193271788697.0,2026-06-26,fmp:company-screener,2026-06-27T02:28:28.937712+00:00,141.39,2026-06-26,193271788697.0,1082443671.3999999,True
ADI,"Analog Devices, Inc.",NASDAQ,common_stock,False,1980-03-17,Technology,Semiconductors,US,487087039.99896616,1.183,188458846646.0,2026-06-26,fmp:company-screener,2026-06-27T02:28:28.937712+00:00,386.91,2026-06-26,188458846646.0,1708734471.370909,True
CRWD,"CrowdStrike Holdings, Inc.",NASDAQ,common_stock,False,2019-06-12,Technology,Software - Infrastructure,US,254564820.00028527,1.244,178472849654.0,2026-06-26,fmp:company-screener,2026-06-27T02:28:28.937712+00:00,701.09,2026-06-26,178472849654.0,1813795890.4672728,True
APP,AppLovin Corporation,NASDAQ,common_stock,False,2021-04-15,Technology,Software - Application,US,335939526.99966466,2.455,160270029541.0,2026-06-26,fmp:company-screener,2026-06-27T02:28:28.937712+00:00,477.08,2026-06-26,160270029541.0,2342964843.455757,True
GILD,"Gilead Sciences, Inc.",NASDAQ,common_stock,False,1992-01-22,Healthcare,Drug Manufacturers - General,US,1241569873.9990616,0.331,158771955487.0,2026-06-26,fmp:company-screener,2026-06-27T02:28:28.937712+00:00,127.88,2026-06-26,158771955487.0,894155288.0563637,True
HON,Honeywell International Inc.,NASDAQ,common_stock,False,2001-02-21,Industrials,Conglomerates,US,633653119.000043,0.843,147140590763.0,2026-06-26,fmp:company-screener,2026-06-27T02:28:28.937712+00:00,232.21,2026-06-26,147140590763.0,1040049017.5612122,True
ISRG,"Intuitive Surgical, Inc.",NASDAQ,common_stock,False,2000-06-16,Healthcare,Medical - Devices,US,354163000.0,1.453,143329766100.0,2026-06-26,fmp:company-screener,2026-06-27T02:28:28.937712+00:00,404.7,2026-06-26,143329766100.0,1004044754.1872728,True
BKNG,Booking Holdings Inc.,NASDAQ,common_stock,False,1999-03-31,Consumer Cyclical,Travel Services,US,774878436.0024247,1.088,140609440997.0,2026-06-26,fmp:company-screener,2026-06-27T02:28:28.937712+00:00,181.46,2026-06-26,140609440997.0,1313321553.9621212,True
VRTX,Vertex Pharmaceuticals Incorporated,NASDAQ,common_stock,False,1991-07-24,Healthcare,Biotechnology,US,253805417.00044778,0.31,124704753589.0,2026-06-26,fmp:company-screener,2026-06-27T02:28:28.937712+00:00,491.34,2026-06-26,124704753589.0,644273131.2463636,True
SBUX,Starbucks Corporation,NASDAQ,common_stock,False,1992-06-26,Consumer Cyclical,Restaurants,US,1139700000.0,0.977,119212620000.0,2026-06-26,fmp:company-screener,2026-06-27T02:28:28.937712+00:00,104.6,2026-06-26,119212620000.0,742217247.2260606,True
FTNT,"Fortinet, Inc.",NASDAQ,common_stock,False,2009-11-18,Technology,Software - Infrastructure,US,732648391.0009911,1.109,110886333978.0,2026-06-26,fmp:company-screener,2026-06-27T02:28:28.937712+00:00,151.35,2026-06-26,110886333978.0,706239412.3563635,True
CDNS,"Cadence Design Systems, Inc.",NASDAQ,common_stock,False,1987-06-10,Technology,Software - Application,US,275816000.0,1.149,104057102320.0,2026-06-26,fmp:company-screener,2026-06-27T02:28:28.937712+00:00,377.27,2026-06-26,104057102320.0,870450844.7593939,True
MAR,"Marriott International, Inc.",NASDAQ,common_stock,False,1998-03-23,Consumer Cyclical,Travel Lodging,US,263688622.99965546,1.105,99492354344.0,2026-06-26,fmp:company-screener,2026-06-27T02:28:28.937712+00:00,377.31,2026-06-26,99492354344.0,528724371.40606064,True
MNST,Monster Beverage Corporation,NASDAQ,common_stock,False,1985-12-09,Consumer Defensive,Beverages - Non-Alcoholic,US,978008110.0020752,0.542,94260421642.0,2026-06-26,fmp:company-screener,2026-06-27T02:28:28.937712+00:00,96.38,2026-06-26,94260421642.0,457915993.9206061,True
ADP,"Automatic Data Processing, Inc.",NASDAQ,common_stock,False,1980-03-17,Industrials,Staffing & Employment Services,US,399734281.99955267,0.845,89360598741.0,2026-06-26,fmp:company-screener,2026-06-27T02:28:28.937712+00:00,223.55,2026-06-26,89360598741.0,639808448.0660607,True
CSX,CSX Corporation,NASDAQ,common_stock,False,1980-11-03,Industrials,Railroads,US,1858140000.0000002,1.222,88558952400.0,2026-06-26,fmp:company-screener,2026-06-27T02:28:28.937712+00:00,47.66,2026-06-26,88558952400.0,559388577.7133334,True
ABNB,"Airbnb, Inc.",NASDAQ,common_stock,False,2020-12-10,Consumer Cyclical,Travel Services,US,593513628.9983512,1.159,86391843837.0,2026-06-26,fmp:company-screener,2026-06-27T02:28:28.937712+00:00,145.56,2026-06-26,86391843837.0,518449282.40090907,True
DDOG,"Datadog, Inc.",NASDAQ,common_stock,False,2019-09-19,Technology,Software - Application,US,355960207.99933267,1.553,85348573078.0,2026-06-26,fmp:company-screener,2026-06-27T02:28:28.937712+00:00,239.77,2026-06-26,85348579072.0,1048340465.9106061,True
CMCSA,Comcast Corporation,NASDAQ,common_stock,False,1980-03-17,Communication Services,Telecommunications Services,US,3572228839.015969,0.658,82768542200.0,2026-06-26,fmp:company-screener,2026-06-27T02:28:28.937712+00:00,23.17,2026-06-26,82768542200.0,781031113.8851515,True
ADBE,Adobe Inc.,NASDAQ,common_stock,False,1986-08-13,Technology,Software - Application,US,397500004.00039464,1.404,80585175811.0,2026-06-26,fmp:company-screener,2026-06-27T02:28:28.937712+00:00,202.73,2026-06-26,80585175811.0,1404015205.959091,True
DASH,"DoorDash, Inc.",NASDAQ,common_stock,False,2020-12-09,Communication Services,Internet Content & Information,US,435718720.0010924,1.811,79775740445.0,2026-06-26,fmp:company-screener,2026-06-27T02:28:28.937712+00:00,183.09,2026-06-26,79775740445.0,813367257.3263637,True
MDLZ,"Mondelez International, Inc.",NASDAQ,common_stock,False,2001-06-13,Consumer Defensive,Food Confectioners,US,1283649765.997697,0.4,78033069275.0,2026-06-26,fmp:company-screener,2026-06-27T02:28:28.937712+00:00,60.79,2026-06-26,78033069275.0,481542146.96818185,True
AEP,"American Electric Power Company, Inc.",NASDAQ,common_stock,False,1962-01-02,Utilities,Regulated Electric,US,544105000.0,0.518,75461922450.0,2026-06-26,fmp:company-screener,2026-06-27T02:28:28.937712+00:00,138.69,2026-06-26,75461922450.0,567982291.3093939,True
ORLY,"O'Reilly Automotive, Inc.",NASDAQ,common_stock,False,1993-04-23,Consumer Cyclical,Specialty Retail,US,828715078.9949749,0.523,74211435324.0,2026-06-26,fmp:company-screener,2026-06-27T02:28:28.937712+00:00,89.55,2026-06-26,74211435324.0,594516708.7960606,True
INTU,Intuit Inc.,NASDAQ,common_stock,False,1993-03-12,Technology,Software - Application,US,273537000.0,0.973785,73231325640.0,2026-06-26,fmp:company-screener,2026-06-27T02:28:28.937712+00:00,267.72,2026-06-26,73231325640.0,1634866993.7818184,True
CTAS,Cintas Corporation,NASDAQ,common_stock,False,1983-08-19,Industrials,Specialty Business Services,US,400136881.00058174,0.934,68783529844.0,2026-06-26,fmp:company-screener,2026-06-27T02:28:28.937712+00:00,171.9,2026-06-26,68783529844.0,357864760.5251515,True
ROST,"Ross Stores, Inc.",NASDAQ,common_stock,False,1985-08-08,Consumer Cyclical,Apparel - Retail,US,320781076.0011254,0.866,68409772268.0,2026-06-26,fmp:company-screener,2026-06-27T02:28:28.937712+00:00,213.26,2026-06-26,68409772268.0,645925081.550909,True
TER,"Teradyne, Inc.",NASDAQ,common_stock,False,1970-09-14,Technology,Semiconductors,US,156542161.9992675,1.794,68387008891.0,2026-06-26,fmp:company-screener,2026-06-27T02:28:28.937712+00:00,436.86,2026-06-26,68387008891.0,1466901470.348788,True
REGN,"Regeneron Pharmaceuticals, Inc.",NASDAQ,common_stock,False,1991-04-02,Healthcare,Biotechnology,US,103022000.0,0.238,65202623800.0,2026-06-26,fmp:company-screener,2026-06-27T02:28:28.937712+00:00,632.9,2026-06-26,65202623800.0,595593863.9218181,True
MPWR,"Monolithic Power Systems, Inc.",NASDAQ,common_stock,False,2004-11-19,Technology,Semiconductors,US,49130000.0,1.691,64523411600.0,2026-06-26,fmp:company-screener,2026-06-27T02:28:28.937712+00:00,1313.32,2026-06-26,64523411600.0,1156151542.7075758,True
PCAR,PACCAR Inc,NASDAQ,common_stock,False,1980-03-17,Industrials,Industrial - Machinery,US,526286229.0023202,0.992,63512222116.0,2026-06-26,fmp:company-screener,2026-06-27T02:28:28.937712+00:00,120.68,2026-06-26,63512222116.0,354473970.0630303,True
BKR,Baker Hughes Company,NASDAQ,common_stock,False,1987-04-06,Energy,Oil & Gas Equipment & Services,US,992068696.9943422,0.9285277,56111405502.0,2026-06-26,fmp:company-screener,2026-06-27T02:28:28.937712+00:00,56.56,2026-06-26,56111405502.0,498628235.1075757,True
FAST,Fastenal Company,NASDAQ,common_stock,False,1987-08-20,Industrials,Industrial - Distribution,US,1148040000.0,0.729,54072684000.0,2026-06-26,fmp:company-screener,2026-06-27T02:28:28.937712+00:00,47.1,2026-06-26,54072684000.0,336484399.07757574,True
EA,Electronic Arts Inc.,NASDAQ,common_stock,False,1989-09-20,Communication Services,Electronic Gaming & Multimedia,US,250751000.0,0.645,51466642750.0,2026-06-26,fmp:company-screener,2026-06-27T02:28:28.937712+00:00,205.25,2026-06-26,51466642750.0,363817993.71000004,True
XEL,Xcel Energy Inc.,NASDAQ,common_stock,False,2001-03-13,Utilities,Regulated Electric,US,624269560.0024322,0.408,51333685919.0,2026-06-26,fmp:company-screener,2026-06-27T02:28:28.937712+00:00,82.23,2026-06-26,51333685919.00001,416746389.9260606,True
EBAY,eBay Inc.,NASDAQ,common_stock,False,1998-09-24,Consumer Cyclical,Specialty Retail,US,444000000.0,1.372,47894280000.0,2026-06-26,fmp:company-screener,2026-06-27T02:28:28.937712+00:00,107.87,2026-06-26,47894280000.0,575698604.0336363,True
MCHP,Microchip Technology Incorporated,NASDAQ,common_stock,False,1993-03-19,Technology,Semiconductors,US,542079000.0,1.725,47665006470.0,2026-06-26,fmp:company-screener,2026-06-27T02:28:28.937712+00:00,87.93,2026-06-26,47665006470.0,1001891725.3715152,True
ODFL,"Old Dominion Freight Line, Inc.",NASDAQ,common_stock,False,1991-10-24,Industrials,Trucking,US,207968283.00196537,1.18,45501380638.0,2026-06-26,fmp:company-screener,2026-06-27T02:28:28.937712+00:00,218.79,2026-06-26,45501380638.0,418247428.9827273,True
KDP,Keurig Dr Pepper Inc.,NASDAQ,common_stock,False,2008-05-07,Consumer Defensive,Beverages - Non-Alcoholic,US,1360559470.988024,0.424,45442686331.0,2026-06-26,fmp:company-screener,2026-06-27T02:28:28.937712+00:00,33.4,2026-06-26,45442686331.0,390182499.60484844,True
UAL,"United Airlines Holdings, Inc.",NASDAQ,common_stock,False,2006-02-06,Industrials,"Airlines, Airports & Air Services",US,324569999.99999994,1.291,44177222700.0,2026-06-26,fmp:company-screener,2026-06-27T02:28:28.937712+00:00,136.11,2026-06-26,44177222700.0,685107778.3048486,True
IDXX,"IDEXX Laboratories, Inc.",NASDAQ,common_stock,False,1991-06-21,Healthcare,Medical - Diagnostics & Research,US,78883000.0,1.543,43503974500.0,2026-06-26,fmp:company-screener,2026-06-27T02:28:28.937712+00:00,551.5,2026-06-26,43503974500.0,332161810.66242427,True
ADSK,"Autodesk, Inc.",NASDAQ,common_stock,False,1985-06-28,Technology,Software - Application,US,211145250.99867523,1.295,41439366961.0,2026-06-26,fmp:company-screener,2026-06-27T02:28:28.937712+00:00,196.26,2026-06-26,41439366961.0,542304197.7990909,True
KMB,Kimberly-Clark Corporation,NASDAQ,common_stock,False,1980-03-17,Consumer Defensive,Household & Personal Products,US,331940356.9991771,0.30387324,36304316845.0,2026-06-26,fmp:company-screener,2026-06-27T02:28:28.937712+00:00,109.37,2026-06-26,36304316845.0,472371461.9918182,True
PAYX,"Paychex, Inc.",NASDAQ,common_stock,False,1983-08-26,Industrials,Staffing & Employment Services,US,358291000.0,0.8296729,35793270900.0,2026-06-26,fmp:company-screener,2026-06-27T02:28:28.937712+00:00,99.9,2026-06-26,35793270900.0,325705684.5339394,True
ON,ON Semiconductor Corporation,NASDAQ,common_stock,False,2000-05-02,Technology,Semiconductors,US,391903000.0,1.977,35526006950.0,2026-06-26,fmp:company-screener,2026-06-27T02:28:28.937712+00:00,90.65,2026-06-26,35526006950.0,1296927955.889697,True
STLD,"Steel Dynamics, Inc.",NASDAQ,common_stock,False,1996-11-22,Basic Materials,Steel,US,144213000.0,1.522,35402849370.0,2026-06-26,fmp:company-screener,2026-06-27T02:28:28.937712+00:00,245.49,2026-06-26,35402849370.0,256842132.9318182,True
ROP,"Roper Technologies, Inc.",NASDAQ,common_stock,False,1992-02-13,Technology,Software - Application,US,100917358.9991428,0.762,34141351723.0,2026-06-26,fmp:company-screener,2026-06-27T02:28:28.937712+00:00,338.31,2026-06-26,34141351723.0,414982559.3690909,True
WDAY,"Workday, Inc.",NASDAQ,common_stock,False,2012-10-12,Technology,Software - Application,US,261942106.9962161,1.081,32535829110.0,2026-06-26,fmp:company-screener,2026-06-27T02:28:28.937712+00:00,124.21,2026-06-26,32535829110.0,652787631.5060606,True
BIIB,Biogen Inc.,NASDAQ,common_stock,False,1991-09-17,Healthcare,Drug Manufacturers - General,US,147637000.0,0.177,31894021110.0,2026-06-26,fmp:company-screener,2026-06-27T02:28:28.937712+00:00,216.03,2026-06-26,31894021110.0,226973595.15878788,True
EXPE,"Expedia Group, Inc.",NASDAQ,common_stock,False,2005-07-21,Consumer Cyclical,Travel Services,US,114499000.0,1.257,30090337200.0,2026-06-26,fmp:company-screener,2026-06-27T02:28:28.937712+00:00,262.8,2026-06-26,30090337200.0,395993919.00333333,True
GEHC,GE HealthCare Technologies Inc.,NASDAQ,common_stock,False,2022-12-15,Healthcare,Medical - Healthcare Information Services,US,454891785.9945255,0.862,29913683847.0,2026-06-26,fmp:company-screener,2026-06-27T02:28:28.937712+00:00,65.76,2026-06-26,29913683847.0,297860033.6463636,True
NTAP,"NetApp, Inc.",NASDAQ,common_stock,False,1995-11-21,Technology,Computer Hardware,US,195920000.0,1.434,29868004000.0,2026-06-26,fmp:company-screener,2026-06-27T02:28:28.937712+00:00,152.45,2026-06-26,29868003999.999996,353796412.6739394,True
CASY,"Casey's General Stores, Inc.",NASDAQ,common_stock,False,1983-10-20,Consumer Cyclical,Specialty Retail,US,37004914.00023118,0.6099171,28813136188.0,2026-06-26,fmp:company-screener,2026-06-27T02:28:28.937712+00:00,778.63,2026-06-26,28813136188.0,602498155.4587879,True
CPRT,"Copart, Inc.",NASDAQ,common_stock,False,1994-03-17,Industrials,Specialty Business Services,US,925811481.9967266,1.002,28283540775.0,2026-06-26,fmp:company-screener,2026-06-27T02:28:28.937712+00:00,30.55,2026-06-26,28283540775.0,303805134.7230303,True
DXCM,"DexCom, Inc.",NASDAQ,common_stock,False,2005-04-14,Healthcare,Medical - Devices,US,385872977.0031366,1.443,27065130607.0,2026-06-26,fmp:company-screener,2026-06-27T02:28:28.937712+00:00,70.14,2026-06-26,27065130607.0,357737342.8039394,True
JBHT,"J.B. Hunt Transport Services, Inc.",NASDAQ,common_stock,False,1983-11-22,Industrials,Integrated Freight & Logistics,US,94299203.00035676,1.305,26432066601.0,2026-06-26,fmp:company-screener,2026-06-27T02:28:28.937712+00:00,280.3,2026-06-26,26432066601.000004,251135634.40272728,True
FISV,"Fiserv, Inc.",NASDAQ,common_stock,False,1986-09-25,Technology,Information Technology Services,US,533253999.99999994,0.7931675,26369410300.0,2026-06-26,fmp:company-screener,2026-06-27T02:28:28.937712+00:00,49.45,2026-06-26,26369410300.0,421242889.8078788,True
FSLR,"First Solar, Inc.",NASDAQ,common_stock,False,2006-11-17,Energy,Solar,US,107453000.0,1.692,25688788710.0,2026-06-26,fmp:company-screener,2026-06-27T02:28:28.937712+00:00,239.07,2026-06-26,25688788710.0,593505937.7118182,True
VRSK,"Verisk Analytics, Inc.",NASDAQ,common_stock,False,2009-10-07,Technology,Software - Services,US,131021839.99890219,0.695,23869558811.0,2026-06-26,fmp:company-screener,2026-06-27T02:28:28.937712+00:00,182.18,2026-06-26,23869558811.0,375089335.2330303,True
DLTR,"Dollar Tree, Inc.",NASDAQ,common_stock,False,1995-03-07,Consumer Defensive,Discount Stores,US,192175000.0,0.659,23804717250.0,2026-06-26,fmp:company-screener,2026-06-27T02:28:28.937712+00:00,123.87,2026-06-26,23804717250.0,373686871.3975758,True
VRSN,"VeriSign, Inc.",NASDAQ,common_stock,False,1998-01-30,Technology,Software - Infrastructure,US,91000000.0,0.688,23261420000.0,2026-06-26,fmp:company-screener,2026-06-27T02:28:28.937712+00:00,255.62,2026-06-26,23261420000.0,240071423.88909093,True
INCY,Incyte Corporation,NASDAQ,common_stock,False,1993-11-04,Healthcare,Biotechnology,US,199782154.9978022,0.79,22725220131.0,2026-06-26,fmp:company-screener,2026-06-27T02:28:28.937712+00:00,113.75,2026-06-26,22725220131.0,163922227.34727272,True
FFIV,"F5, Inc.",NASDAQ,common_stock,False,1999-06-04,Technology,Software - Infrastructure,US,56419247.00022812,1.046,22259085519.0,2026-06-26,fmp:company-screener,2026-06-27T02:28:28.937712+00:00,394.53,2026-06-26,22259085519.0,235454876.16212124,True
CHRW,"C.H. Robinson Worldwide, Inc.",NASDAQ,common_stock,False,1997-10-16,Industrials,Integrated Freight & Logistics,US,117873042.00078067,0.925,21138172622.0,2026-06-26,fmp:company-screener,2026-06-27T02:28:28.937712+00:00,179.33,2026-06-26,21138172622.0,314588350.09121215,True
ULTA,"Ulta Beauty, Inc.",NASDAQ,common_stock,False,2007-10-25,Consumer Cyclical,Specialty Retail,US,42989311.00010236,0.86,20998128958.0,2026-06-26,fmp:company-screener,2026-06-27T02:28:28.937712+00:00,488.45,2026-06-26,20998128958.0,390739412.6121212,True
SMCI,"Super Micro Computer, Inc.",NASDAQ,common_stock,False,2007-03-28,Technology,Computer Hardware,US,646873000.0,1.8606207,19813719990.0,2026-06-26,fmp:company-screener,2026-06-27T02:28:28.937712+00:00,30.63,2026-06-26,19813719990.0,1651529507.320303,True
CTSH,Cognizant Technology Solutions Corporation,NASDAQ,common_stock,False,1998-06-19,Technology,Information Technology Services,US,473869000.0,0.81,18968976070.0,2026-06-26,fmp:company-screener,2026-06-27T02:28:28.937712+00:00,40.03,2026-06-26,18968976070.0,436672764.1942424,True
CDW,CDW Corporation,NASDAQ,common_stock,False,2013-06-27,Technology,Information Technology Services,US,127753450.99774943,0.987,17029535018.0,2026-06-26,fmp:company-screener,2026-06-27T02:28:28.937712+00:00,133.3,2026-06-26,17029535018.0,242814026.1309091,True
NDSN,Nordson Corporation,NASDAQ,common_stock,False,1980-03-18,Industrials,Industrial - Machinery,US,55717948.00145951,0.97740376,16797289784.0,2026-06-26,fmp:company-screener,2026-06-27T02:28:28.937712+00:00,301.47,2026-06-26,16797289784.0,112911228.28393939,True
AKAM,"Akamai Technologies, Inc.",NASDAQ,common_stock,False,1999-10-29,Technology,Software - Infrastructure,US,145385451.00185364,0.598,16470717744.0,2026-06-26,fmp:company-screener,2026-06-27T02:28:28.937712+00:00,113.29,2026-06-26,16470717744.0,723029354.4939394,True
TSCO,Tractor Supply Company,NASDAQ,common_stock,False,1994-02-17,Consumer Cyclical,Specialty Retail,US,524450000.0,0.459,16368084500.0,2026-06-26,fmp:company-screener,2026-06-27T02:28:28.937712+00:00,31.21,2026-06-26,16368084500.0,414231194.3860606,True
GEN,Gen Digital Inc.,NASDAQ,common_stock,False,1989-06-23,Technology,Software - Infrastructure,US,602434000.0,1.205,14729511300.0,2026-06-26,fmp:company-screener,2026-06-27T02:28:28.937712+00:00,24.45,2026-06-26,14729511300.0,171866071.95242426,True
NWSA,News Corporation,NASDAQ,common_stock,False,2013-06-19,Communication Services,Entertainment,US,561331887.012987,0.893,14263443249.0,2026-06-26,fmp:company-screener,2026-06-27T02:28:28.937712+00:00,25.41,2026-06-26,14263443249.0,113298683.66818182,True
COO,"The Cooper Companies, Inc.",NASDAQ,common_stock,False,1983-01-21,Healthcare,Medical - Instruments & Supplies,US,195031000.0,0.873,13851101620.0,2026-06-26,fmp:company-screener,2026-06-27T02:28:28.937712+00:00,71.02,2026-06-26,13851101620.0,181163424.6412121,True
PTC,PTC Inc.,NASDAQ,common_stock,False,1989-12-08,Technology,Software - Application,US,115506000.0,0.966,13366354320.0,2026-06-26,fmp:company-screener,2026-06-27T02:28:28.937712+00:00,115.72,2026-06-26,13366354320.0,217509180.15060607,True
ALGN,"Align Technology, Inc.",NASDAQ,common_stock,False,2001-01-30,Healthcare,Medical - Devices,US,71618127.00218573,1.671,12778822401.0,2026-06-26,fmp:company-screener,2026-06-27T02:28:28.937712+00:00,178.43,2026-06-26,12778822401.0,177917327.8581818,True
CSGP,"CoStar Group, Inc.",NASDAQ,common_stock,False,1998-07-01,Real Estate,Real Estate - Services,US,408355715.0082645,0.72,12352760379.0,2026-06-26,fmp:company-screener,2026-06-27T02:28:28.937712+00:00,30.25,2026-06-26,12352760379.0,268087794.59757572,True
HAS,"Hasbro, Inc.",NASDAQ,common_stock,False,1980-03-17,Consumer Cyclical,Leisure,US,141491000.0,0.476,12073427030.0,2026-06-26,fmp:company-screener,2026-06-27T02:28:28.937712+00:00,85.33,2026-06-26,12073427030.0,162247438.19424242,True
ZBRA,Zebra Technologies Corporation,NASDAQ,common_stock,False,1991-08-15,Technology,Communication Equipment,US,47633400.0,1.626,11981229102.0,2026-06-26,fmp:company-screener,2026-06-27T02:28:28.937712+00:00,251.53,2026-06-26,11981229102.0,228293659.42272726,True
TRMB,Trimble Inc.,NASDAQ,common_stock,False,1990-07-20,Technology,"Hardware, Equipment & Parts",US,233111518.99408284,1.373,11818754013.0,2026-06-26,fmp:company-screener,2026-06-27T02:28:28.937712+00:00,50.7,2026-06-26,11818754013.0,139124057.70727274,True
APA,APA Corporation,NASDAQ,common_stock,False,1979-05-15,Energy,Oil & Gas Exploration & Production,US,353470000.0,0.327,11668044700.0,2026-06-26,fmp:company-screener,2026-06-27T02:28:28.937712+00:00,33.01,2026-06-26,11668044700.0,253380851.53878787,True
TECH,Bio-Techne Corporation,NASDAQ,common_stock,False,1989-02-09,Healthcare,Biotechnology,US,156568751.0,1.3648363,11116381321.0,2026-06-26,fmp:company-screener,2026-06-27T02:28:28.937712+00:00,71.0,2026-06-26,11116381321.0,167719325.1757576,True
PODD,Insulet Corp.,NASDAQ,common_stock,False,2007-05-15,Healthcare,Medical - Devices,US,69264674.00315955,1.124879,10961134661.0,2026-06-26,fmp:company-screener,2026-06-27T02:28:28.937712+00:00,158.25,2026-06-26,10961134661.0,235021997.35363635,True
SWKS,"Skyworks Solutions, Inc.",NASDAQ,common_stock,False,1984-09-07,Technology,Semiconductors,US,150405963.0,1.4935516,10227605484.0,2026-06-26,fmp:company-screener,2026-06-27T02:28:28.937712+00:00,68.0,2026-06-26,10227605484.0,325244407.5378788,True
DPZ,"Domino's Pizza, Inc.",NASDAQ,common_stock,False,2004-07-13,Consumer Cyclical,Restaurants,US,33261899.00060366,0.971,9918033044.0,2026-06-26,fmp:company-screener,2026-06-27T02:28:28.937712+00:00,298.18,2026-06-26,9918033044.0,292710295.7021212,True
HSIC,"Henry Schein, Inc.",NASDAQ,common_stock,False,1995-11-03,Healthcare,Medical - Distribution,US,113917000.0,0.824,9677249150.0,2026-06-26,fmp:company-screener,2026-06-27T02:28:28.937712+00:00,84.95,2026-06-26,9677249150.0,103328089.20181818,True
JKHY,"Jack Henry & Associates, Inc.",NASDAQ,common_stock,False,1985-11-20,Technology,Information Technology Services,US,71050780.0,0.5802444,9591855300.0,2026-06-26,fmp:company-screener,2026-06-27T02:28:28.937712+00:00,135.0,2026-06-26,9591855300.0,181471453.06757575,True
TTD,"The Trade Desk, Inc.",NASDAQ,common_stock,False,2016-09-21,Communication Services,Advertising Agencies,US,470108348.01306474,1.018,8635890353.0,2026-06-26,fmp:company-screener,2026-06-27T02:28:28.937712+00:00,18.37,2026-06-26,8635890353.0,379061637.6157576,True
